MouseNum,Date Born,Sac Date / Time,Sex,SVL Length (cm),Hypothalamus weight(mg),Brain weight(mg),Liver weight(mg),Rt. Kidney weight(mg),Rt. Adipose weight(mg),Lt. Adipose + Right (Total Fat Weight in grams),Lt. Adipose weight(g),Total Liver Weight(g),Remaining Liver Weight(g),Soleus Weight(mg),Gastroc. Weight(mg),Spleen weight(mg),Heart weight(mg),number islets harvested,Sacrifice Weight,Gastroc 2 Weight(mg),Cage
Mouse3045,2005-07-18,2005-09-26,F,9.8,14.5,371,544,243,478,4.7756,2.464,2.707,1.75,8,105,60.2,195,320,57.7,NA,22
Mouse3046,2005-07-18,2005-09-26,F,9.5,16.5,400,511,194,697,4.781,2.371,3.069,2.21,9.1,117,64,153,310,56.3,NA,22
Mouse3047,2005-07-18,2005-09-26,F,9.7,12.2,338,431,231,710,5.534,2.621,3.346,2.27,9,104,61,194,610,60.2,NA,23
Mouse3049,2005-07-18,2005-09-27,M,NA,16.7,386,555,280,454,1.398,0.657,3.422,2.229,9.2,113,55.5,161,110,50.4,NA,24
Mouse3050,2005-07-18,2005-09-27,M,9.7,18,399,639,268,518,1.96,0.972,4.801,3.066,12.1,138,78.9,201,330,55.2,NA,24
Mouse3051,2005-07-18,2005-09-27,M,9.7,15.4,390,502,250,546,1.887,0.967,4.756,3.204,12.6,141.5,83,165,300,55.4,NA,25
Mouse3052,2005-07-18,2005-09-27,M,9.8,17.5,399,631,302,454,2.31,1.187,4.599,2.958,13,158.9,122,199,185,53.1,NA,25
Mouse3053,2005-07-18,2005-09-28,M,10.2,24.2,387,509,345,809,5.122,2.628,4.226,2.775,10,148,76.3,200,120,57.1,NA,26
Mouse3054,2005-07-18,2005-09-28,M,9.3,19,262,433,286,475,2.496,1.291,3.002,2,7.9,122,67.5,177,170,46.5,NA,26
Mouse3055,2005-07-18,2005-09-28,M,9.7,13.6,395,402,331,597,3.465,1.74,5.075,3.286,9,152,86,216,160,68,NA,27
Mouse3056,2005-07-18,2005-09-28,M,9.3,16,399,481,328,662,3.617,1.686,3.158,2.126,7.6,128,54.6,182,120,47.5,NA,27
Mouse3081,2005-08-29,2005-11-07,M,8.8,13.4,366,579,280,830,3.92,1.94,3.43,2.39,6.7,93.5,73.7,184,115,55.1,NA,36
Mouse3082,2005-08-29,2005-11-07,M,9.7,14.3,339,627,170,740,2.975,1.6,2.603,1.67,6,97.4,51.4,139,155,43.6,NA,36
Mouse3083,2005-08-29,2005-11-08,M,9.8,23.6,336,709,338,844,3.887,2,3.599,2.47,9.2,113,62.6,200,160,54.6,NA,37
Mouse3084,2005-08-29,2005-11-08,M,8.9,22.6,362,878,294,771,3.565,1.617,3.856,2.44,7.7,82.4,66.7,181,100,47.4,NA,37
Mouse3093,2005-09-11,2005-11-21,M,9.4,16.7,340,791,262,844,3.086,1.462,5.019,3.482,9.9,121,79.6,166,90,54.2,NA,42
Mouse3094,2005-09-11,2005-11-21,M,9.8,19.7,362,708,266,749,3.275,1.749,3.113,1.97,10.8,148,64.2,171,345,53.1,NA,42
Mouse3095,2005-09-11,2005-11-21,M,9.2,20.8,343,608,255,743,2.712,1.466,2.539,1.625,7.6,100,64,131,115,40.6,NA,43
Mouse3096,2005-09-11,2005-11-21,M,8.9,22.2,367,436,384,672,1.991,0.871,2.106,1.41,10.4,109,90.5,205,70,37,NA,43
Mouse3097,2005-09-11,2005-11-22,M,9.2,17.4,381,690,344,606,2.122,1.103,2.948,1.898,7.8,112,62,168,65,39.7,NA,44
Mouse3098,2005-09-11,2005-11-22,M,9.8,17.3,369,850,364,629,2.559,1.195,3.838,2.439,9.7,160,94.7,211,230,50,NA,44
Mouse3111,2005-09-29,2005-12-05,F,9.7,17.5,400,586,308,823,4.737,2.295,3.355,2.522,9,127,102,195,140,50.4,NA,51
Mouse3112,2005-09-29,2005-12-05,F,9.2,19.3,389,844,237,975,5.237,2.55,3.303,2.012,7.4,115,61.7,184,215,55.5,NA,51
Mouse3113,2005-09-29,2005-12-05,F,8.9,16.9,372,603,261,666,3.116,1.413,2.978,2.079,7,113,78.5,169,230,50.4,NA,52
Mouse3114,2005-09-29,2005-12-05,F,9.6,9.7,409,523,279,279,3.978,1.841,2.901,2.019,9.9,138,112,228,415,49.8,NA,52
Mouse3117,2005-09-29,2005-12-07,M,9.6,22.7,377,713,427,584,3.047,1.533,3.569,2.449,11.4,130,89.4,187,200,53.6,NA,54
Mouse3118,2005-09-29,2005-12-07,M,9.2,16.5,336,721,277,700,3.369,1.621,3.649,2.452,10,125,64.2,194,475,47.9,NA,54
Mouse3119,2005-09-29,2005-12-07,M,9.6,15.3,362,754,331,765,1.613,0.848,3.641,2.436,11.3,137,74.9,181,230,46.3,NA,55
Mouse3120,2005-09-29,2005-12-07,M,9.8,23.3,369,900,273,771,4.215,2.239,4.493,2.888,8.5,129,82.3,164,265,59.9,NA,55
Mouse3121,2005-10-13,2005-12-19,F,9,22.8,369,639,334,734,3.791,1.702,3.081,2.173,5.9,53,56.1,170,175,45.65,NA,56
Mouse3122,2005-10-13,2005-12-19,F,9.2,17.4,380,435,265,582,2.872,1.67,2.32,1.739,6.6,54,53.3,177,165,45.88,NA,56
Mouse3123,2005-10-13,2005-12-19,F,9.5,19.7,372,689,318,871,5.668,2.413,3.604,2.48,7.4,49.2,99.9,183,166,56.6,NA,57
Mouse3124,2005-10-13,2005-12-19,F,9.2,16.4,412,614,285,690,4.595,2.367,2.742,1.803,7.5,62.6,64,168,188,54.22,NA,57
Mouse3125,2005-10-13,2005-12-20,M,9.2,17.3,386,977,298,515,1.455,0.78,5.721,3.985,6.9,56,90.4,200,200,50.3,NA,58
Mouse3126,2005-10-13,2005-12-20,M,9.6,16.4,399,887,341,840,3.979,1.958,3.981,2.646,8,83.7,56.2,211,205,51.6,NA,58
Mouse3127,2005-10-13,2005-12-20,M,10,19.7,384,764,406,698,2.182,1.245,4.076,2.749,9.1,63.3,89.9,194,523,54.5,NA,59
Mouse3128,2005-10-13,2005-12-20,M,10,22.4,365,731,343,757,3.075,1.456,3.147,2.082,9.6,66.6,66.4,187,309,51.3,NA,59
Mouse3129,2005-10-13,2005-12-21,M,9.9,24.2,381,825,293,890,3.514,1.678,3.556,2.298,9.5,130,61.2,191,185,50.4,NA,60
Mouse3130,2005-10-13,2005-12-21,M,9.1,15.6,390,648,306,687,2.602,1.336,2.771,1.86,8.4,126,50.7,202,115,48.6,NA,60
Mouse3131,2005-10-13,2005-12-21,F,9.2,16.4,367,710,264,702,4.745,2.189,3.501,2.462,8.3,104,75.1,174,165,54.1,NA,61
Mouse3132,2005-10-13,2005-12-21,F,9.1,26.6,394,763,212,806,4.96,2.335,3.334,2.203,9.2,139,68.9,189,215,51.3,NA,61
Mouse3133,2005-10-13,2005-12-22,F,9.7,21.7,391,847,284,612,4.258,2.197,3.843,2.685,11.9,144,99.3,178,205,52.3,NA,62
Mouse3134,2005-10-13,2005-12-22,F,8.6,10.8,378,727,250,694,4.44,2.259,2.995,1.937,8.7,85.3,69.2,186,195,51.2,NA,62
Mouse3135,2005-10-13,2005-12-22,F,8.7,15,386,819,282,888,4.108,2.22,3.565,2.343,8.5,92.2,80.1,162,135,47.3,NA,63
Mouse3136,2005-10-13,2005-12-22,F,9.5,18.1,397,636,278,928,3.572,1.737,2.505,1.623,8.2,102,59.5,189,310,51.1,NA,63
Mouse3137,2005-10-13,2005-12-23,M,9.4,19.1,372,805,362,582,2.777,1.399,3.668,2.442,8.1,122.3,88.4,179,235,51.3,NA,64
Mouse3138,2005-10-13,2005-12-23,M,9.8,22.7,403,707,362,857,3.264,1.68,3.591,2.479,10.6,125.3,95.9,171,180,51.3,NA,64
Mouse3139,2005-10-13,2005-12-23,M,8,20.8,346,459,271,531,2.193,1.168,1.985,1.348,6.1,73.9,82.3,171,70,32.6,NA,65
Mouse3140,2005-10-13,2005-12-23,M,9.3,16.4,378,815,338,738,3.319,1.917,3.571,2.331,9.1,136.4,104,194,200,47.3,NA,65
Mouse3141,2005-10-16,2005-12-26,F,9,16.5,356,762,286,842,3.762,1.965,3.582,2.495,8.7,95.2,62.5,149,245,48.6,NA,66
Mouse3142,2005-10-16,2005-12-26,F,10.1,24.1,413,868,302,775,6.637,3.096,3.92,2.665,10.2,156,108.7,215,600,63.3,NA,66
Mouse3143,2005-10-16,2005-12-26,F,9.3,16.3,380,724,340,814,3.899,1.965,3.366,2.192,8.3,117,91.3,204,255,55.5,NA,67
Mouse3144,2005-10-16,2005-12-26,F,9.7,16.8,405,738,276,799,5.809,2.708,3.397,2.258,7.6,128,105.8,220,150,61.1,NA,67
Mouse3145,2005-10-16,2005-12-27,F,9.8,12.8,408,708,282,823,3.895,1.784,3.305,2.188,11.3,124,84.4,205,385,54.9,NA,68
Mouse3146,2005-10-16,2005-12-27,F,9.3,17.1,365,633,283,638,3.091,1.611,2.395,1.563,7.6,112,54.8,185,95,49.7,NA,68
Mouse3147,2005-10-16,2005-12-27,M,9.5,18,394,817,394,726,0.726,NA,4.025,2.827,10.6,120,74.7,212,260,47.4,NA,69
Mouse3149,2005-10-16,2005-12-28,M,8.7,19,355,607,221,730,2.53,1.278,2.24,1.411,7.4,97.4,91.4,169,240,38.3,NA,70
Mouse3150,2005-10-16,2005-12-28,M,8.8,21.5,317,645,256,676,2.363,1.19,2.73,1.783,7.2,108.6,49.7,180,95,37.3,NA,70
Mouse3151,2005-11-08,2006-01-17,F,9.4,22,387,765,239,780,3.352,1.368,3.401,2.238,9.5,129,71.7,179,275,48.5,NA,71
Mouse3152,2005-11-08,2006-01-17,F,8.3,18.8,328,616,238,708,1.929,0.873,2.501,1.67,7,70.7,43.3,134,120,37.7,NA,71
Mouse3153,2005-11-08,2006-01-17,F,9.2,13.6,371,750,326,759,3.874,1.852,2.91,1.894,10,91.5,75.1,194,85,49.1,NA,72
Mouse3154,2005-11-08,2006-01-17,F,7.9,16.9,356,405,330,579,2.182,1.08,1.983,1.331,6.1,89.4,101.7,183,105,35.2,NA,72
Mouse3155,2005-11-08,2006-01-18,M,9.2,19.4,359,570,422,698,2.673,1.458,2.562,1.735,10.1,117,85.2,190,125,47,NA,73
Mouse3156,2005-11-08,2006-01-18,M,9.3,17.4,354,611,306,776,2.322,0.964,3.004,2.028,10.5,117,39.7,158,135,43,NA,73
Mouse3157,2005-11-08,2006-01-18,M,9.3,16.2,368,725,348,642,2.383,1.133,2.854,1.902,7.9,118,72.5,161,170,50.7,NA,74
Mouse3158,2005-11-08,2006-01-18,M,9.4,19.6,357,987,235,687,3.418,1.669,3.956,2.504,9.5,129,63,177,250,55.1,NA,74
Mouse3159,2005-11-08,2006-01-20,M,8.9,17.6,368,595,377,584,2.733,1.087,2.958,2.028,8.7,119.3,80,172,115,48.7,NA,75
Mouse3160,2005-11-08,2006-01-20,M,8.8,18.4,359,545,355,649,2.436,1.215,2.092,1.408,9.3,123,111.2,176,75,40.9,NA,75
Mouse3161,2005-11-13,2006-01-23,F,9.7,19.3,364,756,233,988,5.025,2.575,3.327,2.243,8.7,126,76.3,217,435,54.8,NA,76
Mouse3162,2005-11-13,2006-01-23,F,8.8,18.1,348,905,238,738,3.147,1.586,4.183,2.679,8.6,115,66.9,202,195,50,NA,76
Mouse3163,2005-11-13,2006-01-23,F,9.5,19.1,377,703,304,864,4.081,2.015,3.421,2.325,9,127,126,214,220,56.1,NA,77
Mouse3164,2005-11-13,2006-01-23,F,8.7,16.9,339,641,193,779,3.68,1.573,3.341,2.307,8.3,109,71.1,151,340,47.2,NA,77
Mouse3165,2005-11-13,2006-01-24,M,9.9,16.4,367,728,370,861,3.663,1.913,3.011,1.935,9.1,124,81.5,206,85,51.9,NA,78
Mouse3166,2005-11-13,2006-01-24,M,9.5,16.1,393,904,329,718,3.63,1.984,3.562,2.337,9.9,135,83.9,193,275,55.5,NA,78
Mouse3167,2005-11-13,2006-01-24,M,9.5,15,342,677,305,711,2.487,1.308,3.269,2.273,10.6,100.7,78.4,201,115,55.2,NA,79
Mouse3168,2005-11-13,2006-01-24,M,9.4,13.3,372,805,320,754,3.679,1.748,3.902,2.741,8.8,140,78.4,165,95,60.4,NA,79
Mouse3169,2005-11-18,2006-01-25,F,9.5,18.5,388,885,227,995,5.299,2.608,3.896,2.658,10,132,86.3,170,285,53.5,NA,80
Mouse3170,2005-11-18,2006-01-25,F,9.3,14,358,927,244,927,4.334,2.122,4.095,2.626,9.1,105,87,161,375,50.6,NA,80
Mouse3171,2005-11-18,2006-01-25,F,8.7,11,372,687,233,690,3.132,1.389,3.023,1.996,8.1,99,67.8,166,245,44.9,NA,81
Mouse3172,2005-11-18,2006-01-25,F,9.2,19.8,367,710,230,804,3.716,1.87,3.163,2.113,8.4,132,82.4,222,165,45.8,NA,81
Mouse3173,2005-11-18,2006-01-26,M,9.5,12.8,395,474,330,510,2.055,0.961,2.239,1.552,10.2,118,120,166,85,38.1,NA,82
Mouse3174,2005-11-18,2006-01-26,F,9.5,18.6,327,982,204,684,3.262,1.697,3.866,2.522,8.8,116,78.2,190,395,50.5,NA,82
Mouse3175,2005-11-18,2006-01-26,M,9.4,18.2,391,875,338,707,4.148,2.137,4.152,2.579,10.7,148,84,195,415,60.2,NA,83
Mouse3176,2005-11-18,2006-01-26,M,9.5,15,384,911,299,696,3.119,1.539,4.418,2.858,10.6,137,81.2,227,360,51,NA,83
Mouse3177,2005-11-22,2006-01-31,M,9.6,25.5,371,614,410,597,3.021,1.557,3.167,2.104,10.4,140,141,201,225,56.1,NA,84
Mouse3178,2005-11-22,2006-01-31,M,9.8,15.4,390,902,460,681,3.45,1.712,3.448,2.02,12.2,133,76,240,130,51.8,NA,84
Mouse3179,2005-11-22,2006-01-31,M,9.5,19.5,404,900,278,796,3.393,1.814,4.399,2.928,14.4,140,80,197,435,62.4,NA,85
Mouse3180,2005-11-22,2006-01-31,M,9.4,22.6,368,941,341,657,3.574,1.737,5.081,3.474,13.6,161,108.3,241,260,59,NA,85
Mouse3181,2005-12-11,2006-02-20,M,8.8,17.6,365,632,289,747,2.411,1.232,2.972,1.955,8.8,122,59,187,105,40.1,NA,86
Mouse3182,2005-12-11,2006-02-20,M,9.3,19.7,357,825,408,588,2.077,1.096,3.293,2.253,7.8,121,89.3,172,65,44.6,NA,86
Mouse3183,2005-12-11,2006-02-20,M,9.4,17.7,376,763,376,462,1.532,0.774,3.343,2.204,9.2,126,61.3,176,115,50.2,NA,87
Mouse3184,2005-12-11,2006-02-20,M,9.8,17,392,930,294,757,4.272,2.159,3.908,2.581,9.5,124,69.6,193,70,55.4,NA,87
Mouse3185,2005-12-11,2006-02-21,M,9.6,20.1,366,439,296,583,3.813,1.989,2.47,1.649,6.8,81.8,43,185,160,51.3,NA,88
Mouse3186,2005-12-11,2006-02-21,M,9.7,17.7,301,527,NA,834,4.09,1.97,3.105,2.062,6.8,90.3,40.6,193,95,54.2,NA,88
Mouse3187,2005-12-11,2006-02-21,M,10,23,415,600,513,808,3.465,1.725,4.04,2.679,6.9,137,73.7,199,195,53.6,NA,89
Mouse3188,2005-12-11,2006-02-21,M,10.2,26.5,391,493,381,822,3.344,1.753,3.56,2.297,7.5,167,120,193,190,49.4,NA,89
Mouse3189,2005-12-13,2006-02-22,F,9.6,28,373,355,225,1.066,5.507,2.886,2.803,1.987,6,105,58.6,228,390,52.9,NA,90
Mouse3190,2005-12-13,2006-02-22,F,9.1,23.7,374,512,262,1.03,4.439,2.178,3.619,2.497,5.9,102,67.7,181,210,50.1,NA,90
Mouse3191,2005-12-13,2006-02-22,F,8.5,14.4,355,497,231,0.687,2.779,1.413,2.297,1.551,3.4,91.3,61.5,163,185,41,NA,91
Mouse3192,2005-12-13,2006-02-22,F,9.5,22.2,404,580,263,0.932,4.867,2.346,3.41,2.184,5.7,110,90.9,231,260,52.1,NA,91
Mouse3193,2005-12-22,2006-03-01,F,9.5,21.8,405,906,266,985,6.275,3.234,3.861,2.518,11.2,136,94.6,176,340,56.6,NA,92
Mouse3194,2005-12-22,2006-03-01,F,9.6,16.2,359,610,247,780,4.734,2.357,2.256,1.413,8.5,128,53.1,182,375,53.8,NA,92
Mouse3195,2005-12-22,2006-03-01,F,9.7,22.1,377,705,275,806,3.923,1.742,3.624,2.497,11.4,182,107,166,230,50.9,NA,93
Mouse3196,2005-12-22,2006-03-01,F,9.4,13.4,391,760,285,685,4.494,2.048,3.789,2.624,8.7,140,125,184,510,58,NA,93
Mouse3197,2005-12-22,2006-03-02,M,10.1,17.8,379,870,338,844,3.789,1.945,4.302,2.819,11.5,130,88,218,250,59.5,NA,94
Mouse3198,2005-12-22,2006-03-02,M,9.9,20.6,346,779,338,750,2.835,1.289,3.732,2.5,10.3,133,80.1,255,95,51.5,NA,94
Mouse3199,2005-12-22,2006-03-02,M,9.9,18.7,382,751,385,729,4.18,2.253,3.471,2.227,9,174,115.6,232,525,59.6,NA,95
Mouse3200,2005-12-22,2006-03-02,M,10.2,16.6,390,946,335,956,3.878,1.894,4.959,3.121,10.8,140,87.6,231,175,59.7,NA,95
Mouse3201,2005-12-22,2006-03-03,M,9.2,19.4,335,651,300,904,3.088,1.494,2.496,1.545,8.8,167,54,155,140,41.9,NA,96
Mouse3202,2005-12-22,2006-03-03,M,9.2,19.4,324,565,382,774,3.406,1.755,2.813,1.926,7.1,121,46.1,170,185,43.1,NA,96
Mouse3203,2006-01-03,2006-03-15,F,8.8,22.6,355,587,267,609,3.638,1.8,2.923,2.076,8.1,124,69.1,170,335,50.9,NA,97
Mouse3204,2006-01-03,2006-03-15,F,8.7,21.3,346,568,256,464,2.825,1.398,2.77,1.886,9,102,59.1,170,230,43.1,NA,97
Mouse3205,2006-01-03,2006-03-15,F,9,26.1,375,555,259,746,4.805,2.209,2.882,1.974,9.5,106,57.2,153,250,52.5,NA,98
Mouse3206,2006-01-03,2006-03-15,F,9.6,14.7,393,799,238,804,5.244,2.294,3.471,2.367,10.7,147,81,163,290,58.7,NA,98
Mouse3207,2006-01-03,2006-03-16,M,10.3,18,362,715,380,825,3.72,1.9,4.783,3.541,9.7,151,83,204,270,60.3,NA,99
Mouse3208,2006-01-03,2006-03-16,M,9.6,15.7,338,936,319,900,3.005,1.59,4.421,3.101,10.6,147,95.2,203,96,50.5,NA,99
Mouse3209,2006-01-08,2006-03-16,F,9.5,18.3,376,627,234,786,5.137,2.292,3.176,2.09,10.4,133,83.8,178,315,53,NA,100
Mouse3210,2006-01-08,2006-03-16,F,9.4,19.5,354,702,304,629,3.615,1.693,3.413,2.276,9.1,139,77.5,77.5,210,52,NA,100
Mouse3211,2006-01-08,2006-03-20,F,9.5,21.8,348,761,229,758,5.883,2.722,3.344,2.263,9.1,124,55.2,170,300,55.1,NA,101
Mouse3212,2006-01-08,2006-03-20,F,9.8,18.8,352,933,252,835,5.501,2.815,4.041,2.72,9.9,108,85.5,200,310,62.5,NA,101
Mouse3213,2006-01-08,2006-03-21,M,9.7,21.1,362,598,333,815,4.221,2.2,2.978,1.982,11.7,134,60.3,193,190,56.3,NA,102
Mouse3214,2006-01-08,2006-03-21,M,10,22.5,373,987,339,775,4.335,2.203,4.599,2.993,12.4,152,71.6,192,200,66.6,NA,102
Mouse3215,2006-01-08,2006-03-21,M,9.7,23.7,344,818,275,746,3.628,1.867,3.982,2.666,11.7,149,58.9,163,190,54.1,NA,103
Mouse3216,2006-01-08,2006-03-21,M,9.8,12.3,388,720,354,636,3.127,1.58,3.909,2.725,12.2,168,85.6,191,335,53,NA,103
Mouse3217,2006-01-09,2006-03-22,M,9.8,23.1,368,905,353,625,3.466,1.718,3.856,2.535,9.4,151,91.3,205,280,57.6,NA,104
Mouse3218,2006-01-09,2006-03-22,M,9.1,14.8,363,550,422,609,2.64,1.285,2.844,1.934,6.3,120,68,155,89,41.6,NA,104
Mouse3219,2006-01-09,2006-03-22,M,9.2,16.3,362,623,473,646,1.982,1.017,3.335,2.282,12.4,150,99,194,130,50.3,NA,105
Mouse3220,2006-01-09,2006-03-22,M,9.5,16.3,348,822,347,607,3.287,1.628,4.551,2.854,12.2,132,90.3,239,425,52.3,NA,105
Mouse3221,2006-01-09,2006-03-23,M,8,15.5,319,479,228,502,0.926,0.424,1.459,0.98,4.1,58.6,104,130,170,21.7,NA,106
Mouse3222,2006-01-09,2006-03-23,M,9.2,20,371,585,347,551,2.568,1.368,2.189,1.361,8.8,143,87,233,120,37.7,NA,106
Mouse3223,2006-01-30,2006-04-10,F,9.2,12.5,338,712,267,795,4.723,2.036,3.27,2.208,9.5,130,80,158,135,54.2,NA,107
Mouse3224,2006-01-30,2006-04-10,F,9.7,23,347,831,228,899,5.597,2.532,3.632,2.291,8,145.2,69.1,180,365,55.8,NA,107
Mouse3225,2006-02-03,2006-04-12,F,9.6,18.8,342,834,243,863,3.866,1.822,3.984,2.626,8.3,118,68,141,290,52.5,NA,108
Mouse3226,2006-02-03,2006-04-12,F,9.3,25.9,326,885,277,868,4.153,2.049,3.872,2.58,6.6,117,100,156,405,50.7,NA,108
Mouse3227,2006-02-03,2006-04-12,F,9.2,24.3,362,647,203,769,4.284,2.073,3.017,2.062,8.6,107,85.4,162,435,58.7,NA,109
Mouse3228,2006-02-03,2006-04-12,F,8.8,20,311,496,211,957,3.165,1.423,2.132,1.477,6.1,84.3,45.4,152,190,45.2,NA,109
Mouse3229,2006-02-03,2006-04-13,M,9,24.6,334,460,251,825,2.81,1.234,2.936,2.119,7.8,106,56,180,310,43.7,NA,110
Mouse3230,2006-02-03,2006-04-13,M,9.5,20,367,660,355,827,3.401,1.721,3.403,2.325,8.2,118,64,154,103,48.6,NA,110
Mouse3231,2006-02-03,2006-04-13,M,9.1,21.8,323,707,235,637,3.61,1.894,3.346,2.256,8.4,147,101.7,176,325,52,NA,111
Mouse3232,2006-02-03,2006-04-13,M,9.4,26.5,350,735,285,779,2.323,1.084,4.548,3.028,11,142,100,194,390,50.3,NA,111
Mouse3233,2006-02-03,2006-04-14,M,9.8,19.1,388,723,324,865,4.075,2.093,4.649,2.903,7.3,121,106,209,358,62.2,NA,112
Mouse3234,2006-02-03,2006-04-14,M,9.4,23.4,367,698,287,841,4.442,2.151,4.863,3.305,7.7,131,132,237,416,57.9,NA,112
Mouse3235,2006-03-20,2006-05-26,F,9.8,16.8,405,719,230,726,3.884,1.7073,3.491,2.3983,6.7,105,82,222,365,51.1,NA,113
Mouse3236,2006-03-20,2006-05-26,F,9.4,20.4,394,678,261,852,4.248,2.0728,3.815,2.5527,7.9,100,72,205,265,55.7,NA,113
Mouse3237,2006-03-20,2006-05-26,F,9.5,21.8,392,448,324,937,4.211,1.9889,2.934,1.9653,5.1,78,44,211,145,53,NA,114
Mouse3238,2006-03-20,2006-05-26,F,9.6,21.7,378,763,287,927,4.61,2.2363,3.584,2.3478,7,120,73,196,435,50.9,NA,114
Mouse3239,2006-03-20,2006-05-30,F,9.2,21.4,344,730,248,570,3.137,1.771,3.413,2.219,10.3,132,50,190,330,45.6,NA,115
Mouse3240,2006-03-20,2006-05-30,F,9.1,17.4,377,808,253,769,2.9,1.431,3.431,2.271,9.2,124,52,171,245,43,NA,115
Mouse3241,2006-03-20,2006-05-30,M,9,20.4,374,793,314,685,4.194,2.118,3.384,2.238,9.1,136,59,192,140,54.4,NA,116
Mouse3242,2006-03-20,2006-05-30,M,9.6,17.2,364,895,240,551,1.944,1.03,3.836,2.516,9.7,153,90.5,168,640,54.6,NA,116
Mouse3243,2006-03-20,2006-06-01,M,10,16.6,380,886,349,975,3.101,1.534,4.277,2.62,9.4,143,51,241,265,61.2,NA,117
Mouse3244,2006-03-20,2006-06-01,M,9.4,23.2,345,718,259,712,3.577,1.668,4.052,2.777,10.6,145,49.6,158.8,130,47.8,NA,117
Mouse3245,2006-03-20,2006-06-01,M,9.3,23.5,361,711,323,679,2.082,0.969,3.657,2.534,10.7,133,73.1,173,370,52,NA,118
Mouse3246,2006-03-20,2006-06-01,M,9.1,18.8,346,551,291,925,4.274,2.087,2.414,1.665,7.3,83,50,207,160,49.5,NA,118
Mouse3247,2006-06-01,2006-08-09,F,8.9,24,377,727,267,736,4.641,2.186,4.272,2.778,8.8,109,81.6,202,255,53.4,NA,119
Mouse3248,2006-06-01,2006-08-09,F,8.7,18.6,373,639,353,645,4.711,2.359,3.126,2.184,8.6,107,58.8,190,225,54.4,NA,119
Mouse3249,2006-06-01,2006-08-10,F,8.1,27.1,321,531,235,622,2.366,1.039,2.305,1.582,11.8,86.3,104,173,140,35.1,NA,120
Mouse3250,2006-06-01,2006-08-10,F,8.4,23.3,321,441,264,667,2.652,1.428,2.499,1.668,7.9,94.6,80.1,233,185,38.8,NA,120
Mouse3251,2006-06-01,2006-08-10,M,9.4,27.9,370,525,296,903,5.425,2.698,2.733,1.854,7,117,65,221,370,61.5,NA,121
Mouse3252,2006-06-01,2006-08-10,M,9.2,24.2,352,655,274,432,3.651,1.906,3.203,2.176,14,127,64.3,180,220,47.7,NA,121
Mouse3253,2006-06-01,2006-08-11,M,9.3,24.9,372,496,303,579,2.58,1.248,2.358,1.594,12.5,122,81.9,232,180,45.3,NA,122
Mouse3254,2006-06-01,2006-08-11,M,9.1,23.7,355,673,304,699,3.032,1.49,3.128,2.012,7.9,108,73.5,175,200,48.9,NA,122
Mouse3255,2006-06-01,2006-08-11,M,9.4,27.8,375,655,337,636,3.586,1.82,3.703,2.513,9.2,125,95,194,305,54.8,NA,123
Mouse3256,2006-06-01,2006-08-11,M,9.3,24,369,657,295,546,3.284,1.628,2.903,1.844,7.7,115,79.1,197,125,49.9,NA,123
Mouse3257,2006-06-04,2006-08-14,F,9.6,31.3,344,754,295,896,5.518,2.836,4.109,2.827,9.3,130,104,196,425,55.4,NA,124
Mouse3258,2006-06-04,2006-08-14,F,9,21.8,343,604,256,519,4.601,2.2,2.702,1.772,8.3,108,279,206,120,49.1,NA,124
Mouse3259,2006-06-28,2006-09-05,M,9.2,33.1,363,451,303,487,3.263,1.684,2.868,2.108,10.5,64.1,64.7,204,430,54,70.8,125
Mouse3260,2006-06-28,2006-09-05,M,9.3,30,374,475,311,530,3.811,2.015,2.482,1.683,8.2,72.4,45.6,194,129,53.1,56.4,125
Mouse3261,2006-07-12,2006-09-20,F,8.8,22.5,366,448,273,583,3.195,1.506,2.588,1.77,8.8,105,53.2,147,180,41.7,NA,126
Mouse3262,2006-07-12,2006-09-20,F,9,26.8,348,633,257,448,2.843,1.392,3.209,2.239,10.5,106,63,188,195,46.1,NA,126
Mouse3263,2006-07-12,2006-09-20,F,8.3,29,303,448,242,518,1.441,0.618,2.271,1.568,7.4,93.6,44,156,220,33,NA,127
Mouse3264,2006-07-12,2006-09-20,F,9.7,23.5,363,496,234,667,4.743,2.372,2.433,2.433,9,134,74.6,156,225,58,NA,127
Mouse3265,2006-07-12,2006-09-21,F,8.4,20,332,447,290,417,1.423,0.814,1.755,1.151,3.1,61.4,121,184,322,28.4,NA,128
Mouse3266,2006-07-12,2006-09-21,F,8.9,20,335,630,313,583,2.035,1.048,3.003,1.981,6,80,40,203,107,41.8,NA,128
Mouse3267,2006-07-12,2006-09-21,M,9.4,23,388,680,243,682,3.752,1.846,2.859,1.859,8,117,136,215,339,47.3,NA,129
Mouse3268,2006-07-12,2006-09-21,M,8.6,27.8,359,502,208,482,2.594,1.294,2.76,1.808,6.3,77,62,176,103,41.2,NA,129
Mouse3269,2006-07-12,2006-09-22,M,9.3,30,363,449,409,583,1.888,0.978,2.331,1.584,14.1,128,76.6,178,106,36.2,NA,130
Mouse3270,2006-07-12,2006-09-22,M,8.3,26,341,393,332,708,2.133,1.008,2.007,1.517,5.1,78.9,54.7,165,155,34.5,NA,130
Mouse3271,2006-07-12,2006-09-22,M,9.2,24.9,363,594,232,566,3.823,1.993,3.147,2.186,9,100,60.6,185,215,49,NA,131
Mouse3272,2006-07-12,2006-09-22,M,9.2,27.4,355,684,364,489,2.645,1.318,3.036,2.02,10,142,62.5,173,190,42.6,NA,131
Mouse3273,2006-07-20,2006-09-28,F,9,27,358,537,278,828,5.082,2.845,2.865,1.82,6.4,77.7,60.4,190,197,49.6,NA,132
Mouse3274,2006-07-20,2006-09-28,F,9.3,23.5,373,448,378,512,3.845,2.128,2.909,1.936,7.1,84.5,65.5,233,162,44.8,NA,132
Mouse3275,2006-07-20,2006-09-28,M,8,26.3,325,530,296,467,2.397,1.163,1.648,1.118,5,52.3,62.2,NA,288,29.5,NA,133
Mouse3276,2006-07-20,2006-09-28,M,9.1,29.4,390,432,376,561,2.477,1.257,2.309,1.559,6.7,73,76.8,143,98,36.4,NA,133
Mouse3277,2006-07-24,2006-09-29,M,8.5,24.5,322,441,305,512,2.665,1.361,2.199,1.382,11.9,96,36.3,135,150,35.8,NA,134
Mouse3278,2006-07-24,2006-09-29,F,8.8,26.7,350,504,293,545,3.38,1.663,2.954,1.968,7.1,114,73.2,176,360,44.3,NA,134
Mouse3279,2006-07-24,2006-09-29,F,9.1,28,366,544,244,700,4.379,2.191,3.013,1.874,16.5,117,99.7,205,385,48,NA,135
Mouse3280,2006-07-24,2006-09-29,F,9.2,27.8,380,471,312,992,4.622,2.322,3.624,2.494,9,138,76.1,203,290,51.6,NA,135
Mouse3281,2006-07-24,2006-10-03,M,9.4,23.7,365,625,316,781,4.314,2.258,4.046,2.535,10.2,137,92.3,190,235,55.2,NA,136
Mouse3282,2006-07-24,2006-10-03,M,9.5,21.9,341,551,328,603,3.791,1.9,3.726,2.498,10.4,138,75,185,430,56.2,NA,136
Mouse3283,2006-07-24,2006-10-03,M,9.5,19,328,466,287,498,2.115,1.137,3.355,2.2,7.8,107,64.3,187,280,45.6,NA,137
Mouse3284,2006-07-24,2006-10-03,M,9.3,26.6,320,768,383,553,4.073,2.085,3.481,2.218,9.8,119,78.5,176,330,52.2,NA,137
Mouse3285,2006-08-07,2006-10-17,F,9.2,21.5,356,668,236,788,4.852,2.624,3.317,2.194,5.7,84,79.3,197,472,67,NA,138
Mouse3286,2006-08-07,2006-10-17,F,9.4,25.9,377,522,232,648,2.992,1.282,2.558,1.668,7.1,85,60,172,531,46.7,NA,138
Mouse3287,2006-08-07,2006-10-17,F,9.2,21.3,344,440,382,510,3.06,1.634,2.7,1.746,5.4,71,47,172,80,43.8,NA,139
Mouse3288,2006-08-07,2006-10-17,F,9.3,21,352,489,284,533,2.755,1.521,2.805,1.759,5.6,80,63.4,153,97,44.5,NA,139
Mouse3289,2006-08-07,2006-10-17,F,9.9,19.4,379,491,356,607,4.135,2.059,3.996,2.653,10.3,136,76.8,217,170,55,NA,140
Mouse3290,2006-08-07,2006-10-17,F,9.4,27.3,339,591,200,780,5.634,2.73,4.066,2.521,8.9,130,90.7,176,375,55.4,NA,140
Mouse3291,2006-08-07,2006-10-17,M,8.9,17.9,336,454,291,442,2.611,1.52,2.782,1.808,7.7,95.5,44.6,183,205,45.8,NA,141
Mouse3292,2006-08-07,2006-10-17,M,8.4,22.3,337,421,365,562,1.682,0.859,2.037,1.283,5.8,102,86.7,186,75,33.7,NA,141
Mouse3293,2006-08-24,2006-11-02,F,9.6,25.1,402,694,258,886,6.694,3.621,4.24,2.683,8.8,144,127,238,334,65.2,NA,142
Mouse3294,2006-08-24,2006-11-02,F,9.6,24.5,373,610,175,610,5.126,2.456,3.953,2.639,8.1,143,133,201,409,59.6,NA,142
Mouse3295,2006-08-24,2006-11-02,M,9.3,19.6,347,507,262,676,3.516,1.848,3.523,2.279,11.5,124,71.3,173,459,48.3,NA,143
Mouse3296,2006-08-24,2006-11-02,M,9.2,19.4,336,528,291,582,2.983,1.541,2.575,1.645,12,115,148,165,100,40.9,NA,143
Mouse3297,2006-08-24,2006-11-03,M,9.9,25.1,368,847,331,715,4.509,2.199,4.362,2.746,10.7,163,96.8,224,295,57.9,NA,144
Mouse3298,2006-08-24,2006-11-03,M,9.6,20.2,374,516,288,416,2.658,1.359,3.529,2.271,9,144,131,200,160,51,NA,144
Mouse3299,2006-08-24,2006-11-03,M,9.6,23.1,348,549,309,527,3.495,2.05,4.474,3.018,10.5,142,78.1,204,325,55,NA,145
Mouse3300,2006-08-24,2006-11-03,M,8.8,19.1,352,479,340,481,2.863,1.529,2.872,1.92,6,116,80,162,115,41,NA,145
Mouse3301,2006-08-28,2006-11-06,F,8.4,24,349,537,265,647,3.988,1.941,2.636,1.698,7.8,106,65.4,171,215,42.7,NA,146
Mouse3302,2006-08-28,2006-11-06,F,9.1,24.5,347,403,227,620,3.948,1.962,2.645,1.755,6.5,113,46.9,209,260,48.9,NA,146
Mouse3303,2006-08-28,2006-11-06,M,9,23.2,365,455,457,545,3.102,1.634,3.05,2.031,9.2,126,108,207,105,44.7,NA,147
Mouse3304,2006-08-28,2006-11-06,M,9.7,19.1,376,528,328,520,3.094,1.54,3.658,2.432,7.4,142,69.8,205,230,54.1,NA,147
Mouse3305,2006-08-28,2006-11-07,M,10,21.8,381,745,378,476,2.968,1.581,4.768,3.014,10,135,108,199,510,59.3,NA,148
Mouse3306,2006-08-28,2006-11-07,M,9.3,25.8,377,473,438,436,1.95,1.002,2.61,1.747,6.4,95.3,77,217,121,40.5,NA,148
Mouse3307,2006-08-28,2006-11-07,M,9.6,21.2,374,551,384,480,2.676,1.437,3.5,2.21,9,103,171,210,166,52.4,NA,149
Mouse3308,2006-08-28,2006-11-07,M,9.6,24,363,773,349,565,2.739,1.451,4.623,2.923,8.3,138,91,189,498,54.6,NA,149
Mouse3309,2006-08-31,2006-11-09,M,9.6,21.5,363,595,319,543,3.274,1.655,3.72,2.488,10.5,153,88.7,302,205,55.9,NA,150
Mouse3310,2006-08-31,2006-11-09,M,9,21,341,465,381,440,2.481,1.267,2.82,1.89,6.8,101,89.5,167,130,49.6,NA,150
Mouse3311,2006-08-31,2006-11-09,M,9.4,20.8,331,494,306,627,3.195,1.683,3.523,2.299,9.2,143,79,200,96,53.7,NA,151
Mouse3312,2006-08-31,2006-11-09,M,9.3,18.4,349,715,251,634,3.197,1.679,4.61,2.982,9.2,130,86.4,181,370,58,NA,151
Mouse3313,2006-09-04,2006-11-10,F,8.6,23.7,355,420,274,586,3.187,1.511,1.984,1.443,9,116,87.1,195,160,39.8,NA,152
Mouse3314,2006-09-04,2006-11-10,F,9.1,20.6,363,459,315,620,4.13,1.934,3.113,2.088,7.2,116,73.5,169,325,53.5,NA,152
Mouse3315,2006-09-04,2006-11-10,F,8.5,32.2,344,535,291,681,3.516,1.835,2.575,1.689,6.2,93.1,58.6,146,135,41.5,NA,153
Mouse3316,2006-09-04,2006-11-10,F,9.5,21.9,363,567,318,770,4.345,2.177,3.723,2.641,7.6,115,100,209,215,53.6,NA,153
Mouse3317,2006-09-04,2006-11-10,F,8.2,21.2,254,473,240,415,1.066,0.651,1.305,0.832,5,52.2,61.8,137,118,23.9,NA,154
Mouse3318,2006-09-04,2006-11-10,F,9.2,NA,345,520,309,557,3.097,1.76,2.431,1.71,3.2,74.7,79.3,165,103,45.5,NA,154
Mouse3319,2006-09-04,2006-11-10,F,9,25.8,367,463,338,746,3.142,1.655,2.088,1.397,6.8,76.6,63.5,191,157,37.2,NA,155
Mouse3320,2006-09-04,2006-11-10,F,9.8,29.1,341,474,320,465,3.223,1.833,3.283,2.159,11.5,101,61.3,200,182,57.8,NA,155
Mouse3321,2006-09-04,2006-11-13,M,9.8,25.5,383,586,397,531,2.876,1.655,4.071,2.773,7.5,97.2,70,186,184,52.9,NA,156
Mouse3322,2006-09-04,2006-11-13,M,10,20.4,344,756,254,672,3.937,2.164,4.555,3.078,8.1,82.9,62.3,157,276,54.1,NA,156
Mouse3323,2006-09-07,2006-11-13,F,9.8,28.3,339,564,294,475,4.078,2.092,4.388,2.886,7.9,77.3,59,172,224,60.6,NA,157
Mouse3324,2006-09-07,2006-11-13,F,9.7,21.6,351,426,314,424,2.655,1.341,2.555,1.788,5.3,96,66.9,160,36,43.6,NA,157
Mouse3325,2006-09-07,2006-11-13,F,9.6,23.1,346,579,262,915,4.618,2.279,4.226,2.781,9.4,174,109,213,415,57.7,NA,158
Mouse3326,2006-09-07,2006-11-13,F,9.6,24.4,384,508,294,768,3.742,1.996,3.647,2.504,10.1,150,102,196,240,51,NA,158
Mouse3327,2006-09-07,2006-11-13,M,9.5,24.7,351,568,392,654,4.588,2.232,4.335,2.903,8.9,144,97.2,178,270,59.6,NA,159
Mouse3328,2006-09-07,2006-11-13,M,9.6,28,349,561,295,760,4.713,2.339,4.33,2.892,14.4,156,90,192,275,60.8,NA,159
Mouse3329,2006-09-07,2006-11-14,M,10.1,17.4,369,595,310,555,3.878,1.966,3.964,2.672,8.8,155,85.4,191,206,58.5,NA,160
Mouse3330,2006-09-07,2006-11-14,M,9.2,26.6,378,488,300,657,3.652,1.756,3.22,2.011,8.5,116,64.3,170,107,52.1,NA,160
Mouse3331,2006-09-07,2006-11-14,M,9.2,22.1,321,439,342,418,1.394,0.678,1.992,1.364,9,79.7,49.6,192,169,36.2,NA,161
Mouse3332,2006-09-07,2006-11-14,M,9.7,23.4,358,416,408,540,1.595,0.793,3.477,2.3,8.5,101,80,190,284,44.4,NA,161
Mouse3333,2006-09-08,2006-11-14,F,9.4,25.3,365,426,335,809,5.27,2.293,3.202,2.149,8.4,116,77.2,260,280,55.5,NA,162
Mouse3334,2006-09-08,2006-11-14,F,9.4,29.7,364,467,329,789,5.078,2.248,4.099,2.757,15.7,128,65.8,172,290,56.8,NA,162
Mouse3335,2006-09-08,2006-11-14,F,9.2,22,347,566,180,726,4.831,2.244,2.81,1.821,7.2,132,102,161,445,54.1,NA,163
Mouse3336,2006-09-08,2006-11-14,F,9.1,22.2,361,543,235,625,3.361,1.827,2.686,1.753,6.3,116,62.4,167,106,45.4,NA,163
Mouse3337,2006-09-08,2006-11-16,M,9.5,21.5,367,481,289,582,2.798,1.4,3.765,2.388,10.1,148,93.3,246,375,48.2,NA,164
Mouse3338,2006-09-08,2006-11-16,M,9.5,20.4,367,609,286,680,3.999,2.013,3.775,2.463,9.4,141,78.2,243,149,53.1,NA,164
Mouse3339,2006-09-08,2006-11-16,M,9.8,21.4,325,557,311,694,4.481,2.256,4.22,2.77,9.6,154.3,60.7,215,380,57.8,NA,165
Mouse3340,2006-09-08,2006-11-16,M,9.9,28.4,376,627,345,820,4.657,2.366,5.188,3.321,10.5,161,64.2,221,160,57.6,NA,165
Mouse3341,2006-09-08,2006-11-16,M,10.2,17.1,395,686,420,789,4.465,2.191,4.92,3.343,8.4,118,72,185,207,60.2,NA,166
Mouse3342,2006-09-08,2006-11-16,M,9.5,14,344,492,290,591,2.875,1.451,2.355,1.617,8,76.3,64.4,158,154,40.8,NA,166
Mouse3343,2006-09-10,2006-11-16,F,9,28.1,352,454,242,648,2.803,1.564,2.456,1.516,13.8,82.7,58.3,158,237,42.1,NA,167
Mouse3344,2006-09-10,2006-11-16,F,9,23.4,337,461,262,613,2.359,0.924,3.297,2.213,4.5,87.6,95,NA,190,46.9,NA,167
Mouse3345,2006-09-10,2006-11-17,M,9.7,25.8,380,421,461,658,4.341,2.302,2.971,1.908,10.5,139,56.3,171,340,57.3,NA,168
Mouse3346,2006-09-10,2006-11-17,M,8.6,22.5,333,482,234,553,2.817,1.449,2.218,1.493,8.6,90,48.4,150,435,39.1,NA,168
Mouse3347,2006-09-10,2006-11-17,M,9.7,19.3,340,589,322,790,3.508,1.841,4.567,3.027,10,134,67,175,220,52.1,NA,169
Mouse3348,2006-09-10,2006-11-17,M,9.2,22.1,330,418,274,509,2.951,1.576,2.473,1.556,7.4,99.6,59.3,154,223,44.7,NA,169
Mouse3349,2006-09-10,2006-11-20,F,9,25.2,338,453,228,802,3.916,1.938,3.471,2.22,8.7,63.4,49.5,167,219,55.8,NA,170
Mouse3350,2006-09-10,2006-11-20,F,9.2,22.5,368,544,305,681,3.342,1.645,3.657,2.51,7,74,99.8,200,72,52.5,NA,170
Mouse3351,2006-09-10,2006-11-20,M,9.8,20.7,335,564,308,660,3.583,1.952,3.608,2.468,9.5,106,74,180,83,51.3,NA,171
Mouse3352,2006-09-10,2006-11-20,M,9.5,19.1,363,423,365,493,2.162,1.058,3.202,2.096,7.6,80,57,167,255,52.5,NA,171
Mouse3353,2006-09-10,2006-11-20,F,9.4,27,344,586,300,555,2.229,1.003,3.62,2.331,9.8,132,76.6,202,370,48.7,NA,172
Mouse3354,2006-09-10,2006-11-20,F,9.1,26.1,394,468,276,969,4.81,2.401,3.224,2.131,8,114,85,161,95,57.6,NA,172
Mouse3355,2006-09-14,2006-11-20,F,8.9,18,343,457,221,783,4.157,2.009,2.277,1.435,8.6,109,78.5,201,225,44.6,NA,173
Mouse3356,2006-09-14,2006-11-20,F,9.4,27,368,431,266,722,3.469,1.661,3.212,2.184,7.4,126,67.8,159,160,49.6,NA,173
Mouse3357,2006-09-14,2006-11-22,F,9.2,23.6,362,456,294,538,3.118,1.607,3.27,2.186,6.8,80.5,63.7,163,209,50.4,NA,174
Mouse3358,2006-09-14,2006-11-22,F,9.2,30.7,357,508,317,570,3.265,1.88,3.066,2.054,10,79.8,37.2,215,166,52.2,NA,174
Mouse3359,2006-09-14,2006-11-22,F,9.4,26.4,352,577,326,656,3.946,2.044,3.511,2.371,5.8,83.4,65.2,194,146,51.9,NA,175
Mouse3360,2006-09-14,2006-11-22,F,9.6,16.8,400,482,320,689,6.003,3.067,3.667,2.375,10.1,127,127,219,95,60.7,NA,175
Mouse3361,2006-09-14,2006-11-22,M,9,20.3,317,444,225,575,3.258,1.745,3.187,2.078,10.8,123,42.8,193,265,45.2,NA,176
Mouse3362,2006-09-14,2006-11-22,M,9.2,25.2,346,418,272,498,2.395,1.172,2.374,1.63,9,118,56.9,162,305,43.9,NA,176
Mouse3363,2006-09-14,2006-11-22,M,8.8,15.2,345,421,235,578,2.507,1.197,2.052,1.417,13.5,96.8,44.2,177,230,41.2,NA,177
Mouse3364,2006-09-14,2006-11-22,M,9.2,18.2,355,404,309,466,1.928,1.058,3.228,2.077,8,115,65.2,186,195,49,NA,177
Mouse3365,2006-09-28,2006-12-05,F,9.5,23,365,445,236,634,4.327,1.839,2.977,1.968,6.5,144,125,209,275,61,NA,178
Mouse3366,2006-09-28,2006-12-05,F,9.2,24.8,329,452,323,552,2.843,1.335,3.201,2.166,7.6,137,96.6,NA,110,45.5,NA,178
Mouse3367,2006-10-05,2006-12-14,M,9.5,24.3,385,623,355,634,3.534,1.922,5.223,3.582,9.8,99.1,89.9,265,255,56.8,NA,179
Mouse3368,2006-10-05,2006-12-14,M,9.8,22.2,359,421,420,526,2.962,1.544,3.02,1.904,9,91,99.8,257,140,52.2,NA,179
Mouse3369,2006-10-05,2006-12-14,M,10.3,26,401,550,398,511,3.416,1.863,3.738,2.752,8.6,110,140,260,204,62.7,NA,180
Mouse3370,2006-10-05,2006-12-14,M,9.8,22,424,563,243,462,1.515,0.792,2.69,1.761,10.5,216,113,212,640,45.1,NA,180
Mouse3371,2006-10-09,2006-12-18,F,10,31,376,644,319,695,5.887,3.004,4.268,2.998,6.9,119,75,189,130,58.9,NA,181
Mouse3372,2006-10-09,2006-12-18,F,9.9,25.3,378,556,193,623,3.218,1.638,2.73,1.752,8.3,189,118,197,370,44.6,NA,181
Mouse3373,2006-10-09,2006-12-19,F,9.6,25.2,396,563,283,458,4.061,2.046,3.424,2.324,10.2,157,80.4,205,405,52.9,NA,182
Mouse3374,2006-10-09,2006-12-19,F,9.9,20.2,359,422,260,658,4.261,2.266,4.108,2.794,9,121,60.2,189,350,59.9,NA,182
Mouse3375,2006-10-09,2006-12-19,F,9.4,22.2,330,452,313,573,4.452,2.229,3.839,2.622,9.2,133,84.2,196,175,63.4,NA,183
Mouse3376,2006-10-09,2006-12-19,F,9.3,29,349,485,251,482,2.744,1.358,2.94,2.086,7.2,83.6,50.2,176,301,48.4,NA,183
Mouse3377,2006-10-09,2006-12-19,M,9.5,21.8,370,481,320,772,4.71,2.42,3.783,2.341,11.8,102,80.2,213,427,61.1,NA,184
Mouse3378,2006-10-09,2006-12-19,M,9.6,18.6,361,514,313,549,2.841,1.429,3.944,2.603,8.4,112,65,185,215,47.9,NA,184
Mouse3381,2006-10-14,2006-12-20,F,9.5,21.8,364,529,267,579,3.005,1.634,2.949,2.145,6.2,102,69.9,185,344,47.4,NA,185
Mouse3382,2006-10-14,2006-12-20,F,9.4,21.8,355,481,325,599,3.815,1.962,3.638,2.428,5.8,86.1,73.2,221,117,57,NA,185
Mouse3383,2006-10-14,2006-12-20,M,9.6,23.1,368,518,247,545,3.574,1.98,4.68,3.11,6.2,106,79.2,197,259,52.1,NA,186
Mouse3384,2006-10-14,2006-12-20,M,9.1,19.3,350,452,284,491,2.484,1.347,3.323,2.23,5.6,107,72.3,195,369,47.5,NA,186
Mouse3385,2006-10-14,2006-12-20,M,9.7,16,312,549,312,542,1.828,0.858,2.819,1.894,6.4,123,60.1,212,105,46.6,NA,187
Mouse3386,2006-10-14,2006-12-20,M,9.2,29.4,347,457,348,506,1.873,0.888,2.348,1.789,8.6,124,93.2,196,215,41.8,NA,187
Mouse3387,2006-10-14,2006-12-20,F,9.5,19,391,418,265,739,4.873,2.438,2.898,1.885,7.2,122,81.6,219,115,51.6,NA,188
Mouse3388,2006-10-14,2006-12-20,F,8.2,20,341,444,278,439,1.39,0.708,1.335,0.891,11,102,77.5,170,105,26.7,NA,188
Mouse3389,2006-10-14,2006-12-21,F,9.2,23.5,386,454,234,793,3.875,1.91,3.398,2.327,8.7,99.7,91,178,484,56.7,NA,189
Mouse3390,2006-10-14,2006-12-21,F,9.6,23.1,363,426,286,680,3.322,1.717,3.62,2.388,8.3,100,77.5,213,255,54.5,NA,189
Mouse3393,2006-10-14,2006-12-21,M,9.8,26.7,345,446,266,592,3.487,1.929,4.89,4.046,16.9,116,98.5,NA,255,51.9,NA,190
Mouse3394,2006-10-14,2006-12-21,M,9.4,36,324,375,295,546,2.5,1.148,2.776,1.878,5.5,79.3,76.7,181,344,45.4,NA,190
Mouse3395,2006-10-14,2006-12-21,M,9.7,31.6,328,476,285,553,2.913,1.449,4.464,3.14,9.6,150,90.8,215,510,52.4,NA,191
Mouse3396,2006-10-14,2006-12-21,M,9.1,20,364,583,349,707,2.733,1.349,2.182,1.27,10.7,109,63.6,139,185,46.4,NA,191
Mouse3397,2006-10-14,2006-12-21,M,9.6,17.8,388,524,341,657,3.591,1.815,3.861,2.387,11.9,131,62.6,240,205,54.7,NA,192
Mouse3398,2006-10-14,2006-12-21,M,10.4,21.1,410,526,339,660,4.604,2.419,4.582,3.008,8.9,138,75.1,210,230,69.7,NA,192
Mouse3399,2006-10-19,2006-12-26,F,9.5,23.2,382,444,236,803,5.228,2.739,2.905,1.817,8.4,143,91.2,194,430,54.9,NA,193
Mouse3400,2006-10-19,2006-12-26,F,9.3,19.3,396,410,290,706,4.913,2.178,3.006,2,9.1,104,61,166,135,53.8,NA,193
Mouse3401,2006-10-16,2006-12-28,F,9.2,23.3,362,408,248,878,3.697,1.798,3.588,2.618,6.9,108,57.1,172,300,52.8,NA,194
Mouse3402,2006-10-16,2006-12-28,F,9.4,20.2,354,491,254,566,4.21,1.936,3.128,2.05,8,115,55,163,290,51.9,NA,194
Mouse3403,2006-10-16,2006-12-28,M,9.4,24.3,369,406,314,445,1.21,0.605,2.878,1.917,7.8,120,53,169,265,43,NA,195
Mouse3404,2006-10-16,2006-12-28,M,9.9,27,359,424,343,472,2.48,1.287,4.054,2.704,9.8,162,92.3,192,245,52.1,NA,195
Mouse3405,2006-10-16,2006-12-28,M,9.5,17.2,348,559,283,840,3.748,1.713,3.966,2.67,9.5,127,103,191,120,54.9,NA,196
Mouse3406,2006-10-16,2006-12-28,M,9.5,19.9,365,424,360,454,3.122,1.503,2.91,1.9,7.4,97.7,66.3,184,80,51.1,NA,196
Mouse3407,2006-10-16,2006-12-28,M,9.3,19.1,361,517,284,524,1.405,0.737,2.299,1.299,7.2,94,84.3,169,114,46.4,NA,197
Mouse3408,2006-10-16,2006-12-28,M,10,32,329,589,308,800,4.315,2.126,3.877,2.412,9.4,86,87.3,193,63,58.2,NA,197
Mouse3409,2006-10-23,2006-12-29,F,9,38.5,361,653,273,734,4.036,1.649,NA,2.414,6.7,100,59.6,242,118,57.5,NA,198
Mouse3410,2006-10-23,2006-12-29,F,9.6,32.6,359,608,216,722,4.649,2.54,3.442,2.2859,7,96.1,73.7,227,429,60,NA,198
Mouse3411,2006-10-23,2006-12-29,F,9.4,22.1,394,517,310,784,2.621,1.223,2.891,1.902,7.1,76.1,53.9,231,112,55.5,NA,199
Mouse3412,2006-10-23,2006-12-29,F,9,24.8,345,500,321,633,2.82,1.748,1.938,1.231,5.9,74.5,61.9,214,104,46.8,NA,199
Mouse3413,2006-10-23,2006-12-29,M,9.8,23,326,549,351,761,3.655,1.858,3.304,2.356,10.1,127,56.3,212,195,54.4,NA,200
Mouse3414,2006-10-23,2006-12-29,M,9.9,13,371,625,334,975,3.948,2.031,3.39,1.127,16.1,185,81.3,200,120,57.4,NA,200
Mouse3415,2006-10-23,2006-12-29,M,9.3,22.6,349,660,235,1161,3.603,1.819,3.076,1.828,9.3,133,78.9,151,280,57,NA,201
Mouse3416,2006-10-23,2006-12-29,M,9.2,22.3,336,552,254,497,1.986,1.029,2.69,1.65,7.5,113,59,165,365,42.4,NA,201
Mouse3419,2006-10-23,2006-12-31,M,9.7,37.5,366,503,311,782,3.176,1.665,2.964,1.871,8.7,136,151,206,105,54.2,NA,202
Mouse3420,2006-10-23,2006-12-31,M,9.3,24.9,310,486,278,635,2.68,1.341,3.104,2.187,6.8,111,53.6,170,145,57.5,NA,202
Mouse3421,2006-10-23,2006-12-31,F,9.4,29.4,338,448,231,937,3.939,1.883,2.89,1.969,10,129,50.8,187,325,52.5,NA,203
Mouse3422,2006-10-23,2006-12-31,F,9.1,31.9,350,371,271,926,3.204,1.541,2.68,1.833,9.2,107,40.7,NA,145,44,NA,203
Mouse3425,2006-10-23,2007-01-02,F,9.8,19.5,405,508,261,934,3.897,1.971,3.41,2.392,8.7,105,76.6,223,188,58.9,NA,204
Mouse3426,2006-10-23,2007-01-02,F,9.8,25,397,598,262,951,3.538,1.885,3.333,2.115,9.7,120,105,226,256,55.5,NA,204
Mouse3427,2006-10-23,2007-01-02,F,9.5,30.3,398,523,195,907,3.254,1.77,3.282,2.178,8.2,92.2,62.5,203,354,55.1,NA,205
Mouse3428,2006-10-23,2007-01-02,F,9.9,26,386,715,298,1087,4.313,2.113,3.866,2.508,6.6,97.8,54.1,236,159,69,NA,205
Mouse3429,2006-10-23,2007-01-02,M,9.5,25.7,380,750,304,1041,5.437,3.003,3.94,2.687,7.9,173,67.2,166,450,59.6,NA,206
Mouse3430,2006-10-23,2007-01-02,M,9.2,27.4,353,335,216,895,3.136,1.515,2.364,1.639,6.6,104,31.6,187,230,46,NA,206
Mouse3431,2006-10-23,2007-01-02,M,9.6,21.6,361,719,269,714,2.815,1.522,3.8,2.509,15.6,143,69.3,211,275,47.3,NA,207
Mouse3432,2006-10-23,2007-01-02,M,9.4,35.6,327,443,271,744,3.007,1.59,2.464,1.693,5.1,91.3,36,158,315,44.9,NA,207
Mouse3433,2006-10-23,2007-01-03,F,10.2,26.8,397,709,293,953,5.497,2.909,4.958,3.207,8.3,59.7,74.9,211,244,75.7,NA,208
Mouse3434,2006-10-23,2007-01-03,F,9.4,19.4,382,439,243,716,3.379,1.942,3.025,2.031,6.2,95.4,61.9,252,90,57,NA,208
Mouse3435,2006-10-23,2007-01-03,F,9,40,345,470,366,658,2.434,1.452,2.689,1.879,5.9,75.9,79.5,210,97,41.9,NA,209
Mouse3436,2006-10-23,2007-01-03,F,9.7,20.9,394,671,274,960,4.506,2.453,3.661,2.326,9,113,122,240,257,58.9,NA,209
Mouse3437,2006-10-23,2007-01-03,M,10.2,35.1,404,623,331,895,4.011,1.951,3.972,2.656,9.9,150,46.5,198,145,54.8,NA,210
Mouse3438,2006-10-23,2007-01-03,M,9.5,26.4,366,594,320,868,3.288,1.75,3.295,2.111,5,103,45,182,102,48.6,NA,210
Mouse3439,2006-10-23,2007-01-03,M,8.8,35.7,318,527,306,512,2.605,1.479,2.611,1.681,8.2,107,39.5,155,335,38.6,NA,211
Mouse3440,2006-10-23,2007-01-03,M,9.1,47.6,326,538,281,789,3.352,1.675,3.487,2.386,8.5,136,58,188,220,50.9,NA,211
Mouse3441,2006-10-23,2007-01-04,M,8.5,39.7,371,507,328,589,2.381,1.333,2.117,1.496,5.9,87.8,35.3,267,107,33.6,NA,212
Mouse3442,2006-10-23,2007-01-04,M,9.6,50.4,335,516,262,774,3.756,1.814,2.682,1.971,8.3,103,40.4,209,110,46.2,NA,212
Mouse3443,2006-10-24,2007-01-04,F,8.8,39.7,345,610,216,1027,3.685,1.665,2.455,1.572,5.8,66.9,32.7,138,210,42.9,NA,213
Mouse3444,2006-10-24,2007-01-04,F,9.2,32.3,353,666,248,1063,3.744,2.015,3.444,2.144,5.4,88.9,52.6,178,97,56.9,NA,213
Mouse3447,2006-10-24,2007-01-04,F,9.5,54.6,391,479,283,1379,5.525,2.798,3.036,2.014,9.2,117,53.6,199,102,58.1,NA,214
Mouse3448,2006-10-24,2007-01-04,F,8.9,30.8,377,410,255,836,3.751,2.099,2.402,1.58,7.4,109,29.8,156,165,45.2,NA,214
Mouse3449,2006-10-24,2007-01-05,F,9.3,29.4,354,538,269,929,3.65,2.08,2.737,1.795,6.2,87,50.1,192,280,54.1,NA,215
Mouse3450,2006-10-24,2007-01-05,F,9,33.9,366,592,271,976,3.777,1.945,2.704,1.783,8.2,90.3,45.4,148,180,47.6,NA,215
Mouse3451,2006-10-24,2007-01-05,M,9.5,36.2,351,780,275,516,1.617,0.852,3.943,2.5,6.8,114,64.4,170,350,52.1,NA,216
Mouse3452,2006-10-24,2007-01-05,M,9.5,27.8,368,570,282,767,3.797,2.087,3.342,2.151,8.3,125,62.5,208,415,55.4,NA,216
Mouse3453,2006-10-24,2007-01-05,M,10.1,39,366,761,321,884,2.994,1.466,4.488,3.072,8.8,151,75,220,194,55,NA,217
Mouse3454,2006-10-24,2007-01-05,M,10.3,24,393,704,412,775,4.504,2.301,4.241,2.821,5.4,165,76.2,225,99,65.1,NA,217
Mouse3455,2006-10-26,2007-01-05,F,9.8,47,353,636,280,1193,5.302,2.567,3.813,2.431,3.4,111,62.6,183,205,60.6,NA,218
Mouse3456,2006-10-26,2007-01-05,F,9.5,40.3,400,314,177,608,3.059,1.572,1.805,1.243,9.4,185,107,143,619,39.7,NA,218
Mouse3459,2006-10-26,2007-01-07,M,10,20.3,386,546,320,806,3.093,1.616,3.705,2.434,7.3,119,99.3,206,149,56.4,NA,219
Mouse3460,2006-10-26,2007-01-07,M,9.7,19.3,373,500,248,652,6.192,3.093,4.864,3.482,9.2,103,89.1,226,151,71.4,NA,219
Mouse3461,2006-10-27,2007-01-08,F,9.5,20.5,365,761,282,556,4.764,2.161,5.035,3.328,6.6,100,72.6,205,245,62.8,NA,220
Mouse3462,2006-10-27,2007-01-08,F,9.8,26.1,349,438,279,694,4.779,2.62,3.187,2.075,5,78.7,58.4,200,218,60.8,NA,220
Mouse3463,2006-10-27,2007-01-08,M,9.5,23.6,325,518,273,627,2.834,1.418,4.122,2.696,10.7,107,91.6,178,99,53.5,NA,221
Mouse3464,2006-10-27,2007-01-08,M,9.4,23.5,350,508,297,526,3.303,1.791,3.122,1.969,7.4,74.8,119,190,72,51.1,NA,221
Mouse3465,2006-10-27,2007-01-08,M,9.5,24.5,381,561,357,526,1.671,0.824,4.247,2.8,12.1,126,58.7,251,350,56.5,NA,222
Mouse3466,2006-10-27,2007-01-08,M,9.6,23.8,338,492,364,534,3.259,1.777,4.061,2.577,8.8,156,86.3,212,145,55.1,NA,222
Mouse3467,2006-10-27,2007-01-08,M,10,33.3,375,536,312,635,4.162,2.245,4.747,2.99,10.5,178,93.5,234,465,58.1,NA,223
Mouse3468,2006-10-27,2007-01-08,M,9.7,28.6,381,452,246,701,4.517,2.231,3.358,2.069,14,160,76,176,107,54.1,NA,223
Mouse3469,2006-10-29,2007-01-09,F,9.9,31.9,369,445,213,710,4.222,1.941,3.445,2.214,11.1,144,93.3,194,267,51.9,NA,224
Mouse3470,2006-10-29,2007-01-09,F,9.2,24.6,334,592,212,712,3.665,1.826,3.281,2.185,8.2,130,111,162,161,48,NA,224
Mouse3471,2006-10-29,2007-01-10,F,9.2,25.9,383,431,295,684,3.297,1.892,2.96,1.893,6.6,91.6,76.1,206,85,52,NA,225
Mouse3472,2006-10-29,2007-01-10,F,9.4,25.4,367,471,340,662,4.387,2.666,3.535,2.407,6.6,110,94.3,217,134,56.7,NA,225
Mouse3473,2006-10-29,2007-01-10,M,9.4,19.3,345,564,276,622,4.395,2.261,2.732,1.921,7,95,71.1,200,329,52.9,NA,226
Mouse3474,2006-10-29,2007-01-10,M,9.4,22.3,331,496,333,574,1.939,0.956,3.745,2.587,10.6,108,92,170,169,49.2,NA,226
Mouse3475,2006-10-29,2007-01-10,M,9.2,21.3,359,429,312,586,2.989,1.484,3,1.897,9.3,116,53,199,155,45,NA,227
Mouse3476,2006-10-29,2007-01-10,M,9.7,30.6,392,567,321,702,4.783,2.549,4.378,2.714,9.3,151,89.6,233,175,61.3,NA,227
Mouse3477,2006-10-29,2007-01-10,M,9.9,17,346,605,372,664,3.634,1.817,4.704,3.049,10,128,84.7,219,320,62.4,NA,228
Mouse3478,2006-10-29,2007-01-10,M,9.2,25.1,323,570,330,524,3.413,1.816,3.724,2.375,9,131,65.6,185,260,50.2,NA,228
Mouse3479,2006-11-10,2007-01-18,F,9,16.2,339,493,282,756,3.794,1.876,3.107,2.09,13.2,100,51,173,97,47,NA,229
Mouse3480,2006-11-10,2007-01-18,F,9,23.3,358,535,299,662,2.88,1.501,2.627,1.748,8,90.8,58.3,179,146,43.7,NA,229
Mouse3481,2006-11-10,2007-01-18,F,9,26,346,489,227,668,3.08,1.642,3.076,2.062,5.6,78.2,49.5,178,202,47.4,NA,230
Mouse3482,2006-11-10,2007-01-18,F,9.3,20.2,350,556,263,546,2.413,1.291,3.181,2.06,6.8,121,93.9,208,228,45.8,NA,230
Mouse3483,2006-11-10,2007-01-18,M,9.6,24,389,606,437,774,3.656,1.941,3.371,2.074,8,165,102,214,190,45,NA,231
Mouse3484,2006-11-10,2007-01-18,M,9.8,19.4,336,655,361,726,3.89,1.967,4.585,2.96,10.2,149,76.8,202,230,59,NA,231
Mouse3485,2006-11-10,2007-01-18,M,9.8,21.3,374,467,484,720,3.899,2.058,3.427,2.316,14.8,147,119,255,100,54.7,NA,232
Mouse3486,2006-11-10,2007-01-18,M,9.6,22.7,366,554,288,729,4.086,2.026,3.833,2.612,3.5,125,96.7,173,190,56.3,NA,232
Mouse3487,2006-11-20,2007-01-29,F,9.4,24.1,352,414,296,647,3.259,1.6,2.824,1.819,7.9,129,60,198,295,50.2,NA,233
Mouse3488,2006-11-20,2007-01-29,F,9.4,26.3,376,590,326,616,4.904,2.555,3.431,2.43,10,158,147,223,200,57,NA,233
Mouse3489,2006-11-20,2007-01-29,F,9.5,21.3,386,482,273,603,4.235,2.008,3.084,2.176,9,114,100,233,275,57,NA,234
Mouse3490,2006-11-20,2007-01-29,F,9.9,18.7,395,405,241,900,5.554,2.741,3.486,2.277,10,202,140,231,410,60,NA,234
Mouse3491,2006-11-20,2007-01-30,F,9.6,20.9,372,532,267,684,4.051,1.866,3.088,2.063,9.5,150,91.4,179,185,52.5,NA,235
Mouse3492,2006-11-20,2007-01-30,F,9.7,33.6,384,605,275,554,4.76,2.156,3.251,2.151,9.6,182,95.7,194,305,50.2,NA,235
Mouse3493,2006-11-20,2007-01-30,M,9.4,20,336,408,343,602,3.703,2.052,2.757,1.845,7.1,92.2,83,205,100,50.8,NA,236
Mouse3494,2006-11-20,2007-01-30,M,9.8,28.5,405,575,409,473,2.282,1.14,4.444,2.958,10.2,188,88.1,238,225,57.4,NA,236
Mouse3495,2006-11-23,2007-01-31,F,9.2,20.4,382,499,323,692,5.025,2.523,3.193,2.206,10.3,107,75.8,183,220,57.3,NA,237
Mouse3496,2006-11-23,2007-01-31,F,9.4,19.4,385,473,292,847,5.565,2.936,3.7,2.427,9.6,139,101,234,460,58.9,NA,237
Mouse3497,2006-11-23,2007-01-31,M,9.2,25.8,356,501,391,465,2.996,1.565,3.105,1.949,9.1,131,81.7,185,85,46.7,NA,238
Mouse3498,2006-11-23,2007-01-31,M,8.6,18.7,338,434,288,468,3.051,1.604,NA,NA,7.8,89.2,71.6,156,145,43.5,NA,238
Mouse3499,2006-12-03,2007-02-13,F,9.7,27,395,609,255,735,7.706,4.035,3.431,2.227,10.1,146,99,222,140,60.9,NA,239
Mouse3500,2006-12-03,2007-02-13,F,9,24,382,528,252,684,3.785,1.902,3.301,2.2,9,123,58.2,203,285,50,NA,239
Mouse3501,2006-12-03,2007-02-13,F,9.5,20.4,376,813,298,852,4.324,1.997,4.745,3.229,11.4,145,76.1,192,140,55.1,NA,240
Mouse3502,2006-12-03,2007-02-13,F,9.5,26,359,460,252,954,4.056,2.025,3.816,2.628,7.2,120,95.4,183,395,60.3,NA,240
Mouse3503,2006-12-03,2007-02-13,M,9.6,17,369,484,348,591,2.65,1.358,3.681,2.408,10.6,110,68.8,225,107,48.8,NA,241
Mouse3521,2006-12-05,2007-02-13,M,9.4,20.2,328,456,371,685,3.231,1.777,2.84,1.832,4.1,80.9,64.4,179,96,45.3,NA,241
Mouse3505,2006-12-03,2007-02-13,M,9.3,16.7,350,461,289,499,2.495,1.324,2.9,1.695,7.2,82.2,46.1,218,173,46.1,NA,242
Mouse3506,2006-12-03,2007-02-13,M,9.3,23,371,604,308,615,3.549,1.835,3.607,2.289,7.6,115,105,206,168,52,NA,242
Mouse3507,2006-12-03,2007-02-14,M,9.6,20,351,527,327,580,2.955,1.482,2.552,1.7,10.2,131,52.5,186,205,42,NA,243
Mouse3508,2006-12-03,2007-02-14,M,8.9,18.3,386,578,325,630,3.378,1.799,2.247,1.495,8,112,65.8,225,175,45.1,NA,243
Mouse3509,2006-12-06,2007-02-14,F,9.4,25,346,519,219,961,5.663,2.469,4.092,2.803,10,123,85,218,270,64.4,NA,244
Mouse3510,2006-12-06,2007-02-14,F,10,21.2,382,580,262,629,6.476,3.383,4.226,2.795,7.9,102,76.9,NA,490,68.5,NA,244
Mouse3513,2006-12-05,2007-02-14,F,9.2,24.6,354,496,225,593,3.097,1.533,3.026,2.098,14.6,126,74.5,201,109,45.3,NA,245
Mouse3514,2006-12-05,2007-02-14,F,9.1,23.5,331,569,299,527,3.176,1.785,3.305,2.362,6.8,80.6,64,171,157,50,NA,245
Mouse3515,2006-12-05,2007-02-14,F,9,22.6,366,504,279,488,3.578,2.047,2.865,2.026,8,63,44.2,164,148,49.2,NA,246
Mouse3516,2006-12-05,2007-02-14,F,9.4,18.2,366,428,219,553,2.71,1.498,2.69,1.712,6,88.4,65.5,166,208,41.5,NA,246
Mouse3517,2006-12-05,2007-02-15,F,9.1,20.3,378,546,309,700,4.21,1.866,2.933,1.968,10.3,119,55.9,177,180,49.6,NA,247
Mouse3518,2006-12-05,2007-02-15,F,9.2,21.2,388,444,280,640,3.797,1.698,3.187,2.238,10,139,66.8,183,195,48.2,NA,247
Mouse3519,2006-12-05,2007-02-15,M,9,29,384,479,300,637,1.188,0.637,2.578,1.603,6.9,142,63,180,175,44.8,NA,248
Mouse3520,2006-12-05,2007-02-15,M,9.8,25,381,534,341,758,4.918,2.653,4.516,3.084,9,102,97.8,196,188,59.6,NA,248
Mouse3523,2006-12-08,2007-02-15,F,9.3,17.6,365,527,237,659,3.402,1.731,3.293,2.437,7.3,85.4,91.4,229,114,52.8,NA,249
Mouse3524,2006-12-08,2007-02-15,F,9.7,44.2,354,551,275,606,2.915,1.624,2.962,1.954,10.1,103,81.8,206,162,49.9,NA,249
Mouse3525,2006-12-08,2007-02-16,F,9.1,26.2,361,561,283,635,4.349,2.115,3.148,2.207,8.3,113,58.4,186,190,51.2,NA,250
Mouse3526,2006-12-08,2007-02-16,F,9,22.8,344,401,264,558,3.717,1.689,3.232,2.271,7.4,127,51.2,232.1,275,50.4,NA,250
Mouse3527,2006-12-08,2007-02-16,F,8.8,15.8,366,484,263,692,3.179,1.58,2.568,1.785,10.2,106,73.6,192,375,42.9,NA,251
Mouse3528,2006-12-08,2007-02-16,F,9.1,23.3,383,567,263,615,3.171,1.371,3.824,2.62,11.5,150,95.3,220,445,50.8,NA,251
Mouse3529,2006-12-08,2007-02-16,M,9.5,24.9,357,436,326,493,2.626,1.284,3.04,2,13.2,121,79.5,171,113,48.9,NA,252
Mouse3530,2006-12-08,2007-02-16,M,10,19.3,391,501,342,509,3.512,1.851,3.324,2.132,4,123,90.7,207,57,51.6,NA,252
Mouse3531,2006-12-08,2007-02-16,M,10,22.3,390,623,343,419,1.952,0.985,3.75,2.429,9.2,148,91.7,219,211,53.4,NA,253
Mouse3532,2006-12-08,2007-02-16,M,9.9,21.6,373,506,350,595,3.951,2.03,4.094,2.827,9.2,121,110,229,304,58.3,NA,253
Mouse3535,2006-12-16,2007-02-27,F,9.4,25,367,396,304,592,3.244,1.699,2.892,1.842,8,82.8,133,155,134,49.7,NA,254
Mouse3536,2006-12-16,2007-02-27,F,8.9,20.6,319,443,171,536,3.907,1.898,3.153,2.141,4.8,89.3,68,158,258,46.3,NA,254
Mouse3537,2006-12-18,2007-02-27,F,9.8,20,377,480,294,760,4.177,2.085,3.837,2.742,7.7,106,76.5,223,88,61.5,NA,255
Mouse3538,2006-12-18,2007-02-27,F,9.9,23.3,373,426,283,673,3.814,1.665,2.67,1.866,11,84.4,137,207,326,57.6,NA,255
Mouse3539,2006-12-18,2007-02-27,F,9.7,18.2,402,507,258,708,5.917,2.48,3.763,2.445,12,126,92.5,194,260,62.3,NA,256
Mouse3540,2006-12-18,2007-02-27,F,9.8,20,393,508,308,825,5.368,2.76,3.26,2.058,9.8,147,162,229,106,60.2,NA,256
Mouse3541,2006-12-18,2007-02-27,M,9.9,21.1,393,456,284,708,3.882,1.951,4.361,3.072,11.1,205,91.4,234,310,62.1,NA,257
Mouse3542,2006-12-18,2007-02-27,M,9.6,24.8,345,424,382,533,2.327,1.136,2.138,1.136,5.2,100,96.5,217,110,42.1,NA,257
Mouse3543,2007-01-02,2007-03-12,F,9.2,20.6,331,426,207,797,4.179,2.138,3.761,2.649,8,108,81.1,185,115,46.8,NA,258
Mouse3544,2007-01-02,2007-03-12,F,9.8,20.6,357,516,230,687,3.772,1.38,4.24,2.9,4.9,135,133,189,590,55.6,NA,258
Mouse3545,2007-01-02,2007-03-13,F,9.7,25.3,352,499,340,715,4.662,2.135,3.835,2.592,8,103,138,253,231,60.1,NA,259
Mouse3546,2007-01-02,2007-03-13,F,9.8,20.2,379,442,274,501,3.315,2.071,3.403,2.15,7.1,103,125,206,128,50.9,NA,259
Mouse3548,2007-01-02,2007-03-13,F,9.7,27.3,378,613,351,589,4.63,2.53,4.064,2.73,8.6,100,90.5,220,210,62.1,NA,260
Mouse3549,2007-01-02,2007-03-13,F,9.7,21.8,358,422,258,717,3.474,1.762,2.993,1.792,8.5,120,73,180,275,52.8,NA,261
Mouse3550,2007-01-02,2007-03-13,F,9.1,23,347,443,303,662,3.634,1.762,3.011,1.881,8.5,112,71.5,166,240,51.8,NA,261
Mouse3551,2007-01-02,2007-03-13,M,9.3,31.5,338,429,342,608,2.858,1.483,3.172,2.019,10.1,100,47.5,175,191,51.2,NA,262
Mouse3552,2007-01-02,2007-03-13,M,9.4,22.6,339,488,203,634,4.34,2.34,3.517,2.337,10,116,70.4,163,273,52.2,NA,262
Mouse3553,2007-01-08,2007-03-20,F,9.5,24.6,396,454,370,625,3.569,1.818,2.879,2.121,6.5,100,130,248,135,48.4,NA,263
Mouse3554,2007-01-08,2007-03-20,F,9.4,24.9,381,571,366,504,2.561,1.258,2.971,1.81,6.7,101,315,242,96,45,NA,263
Mouse3555,2007-01-08,2007-03-20,M,9.7,25,382,550,330,557,3.484,1.83,3.815,2.525,8,106,85.2,167,272,58.8,NA,264
Mouse3556,2007-01-08,2007-03-20,M,9.4,20.8,370,681,352,565,2.624,1.356,4.239,2.717,8.9,94.1,69.1,186,312,57.9,NA,264
Mouse3557,2007-01-08,2007-03-20,M,9.7,28.4,371,512,307,530,2.169,0.929,3.029,2.019,10.6,135,89.4,204,100,55.2,NA,265
Mouse3558,2007-01-08,2007-03-20,M,9.6,21,363,669,362,664,3.555,1.684,3.948,2.425,8.1,131,70.3,241,140,59.5,NA,265
Mouse3559,2007-01-08,2007-03-20,M,9.8,26.2,415,690,276,619,2.814,1.352,4.555,2.918,11.4,164,71.6,209,370,52.7,NA,266
Mouse3560,2007-01-08,2007-03-20,M,9.8,20,360,539,301,544,3.105,1.717,3.856,2.518,13.1,138,87.1,176,235,52,NA,266
Mouse3561,2007-01-18,2007-03-29,F,9.9,20,380,707,277,748,4.9,2.36,3.91,2.467,9,143,103,202,300,57.8,NA,267
Mouse3562,2007-01-18,2007-03-29,F,9.9,22.4,368,595,236,976,4.421,2.053,4.109,2.855,11.8,152,139,200,360,58.7,NA,267
Mouse3563,2007-01-18,2007-03-29,F,9,23.4,329,437,139,445,2.291,0.96,1.814,1.157,8.3,165,115,184,245,36.7,NA,268
Mouse3564,2007-01-18,2007-03-29,F,9.2,18,351,587,207,661,5.044,2.633,2.837,1.821,9,133,99.1,176,425,55.7,NA,268
Mouse3565,2007-01-18,2007-03-29,F,9.8,23.5,309,523,238,586,4.193,2.248,3.476,2.357,7.4,97,79.3,236,238,56.7,NA,269
Mouse3566,2007-01-18,2007-03-29,F,9.7,18,341,449,267,778,2.779,1.534,3.216,2.178,7,114,107,198,64,51.2,NA,269
Mouse3567,2007-01-18,2007-03-29,M,9.9,20,339,661,301,410,2.189,1.184,4.104,2.734,9.2,109,70.8,233,184,57.8,NA,270
Mouse3568,2007-01-18,2007-03-29,M,9.3,19.4,386,472,189,427,0.872,0.445,1.682,1.041,9.7,143,73.2,135,176,37.2,NA,270
Mouse3569,2007-01-18,2007-03-30,M,9.2,21.9,343,526,305,619,4.672,2.597,3.386,2.21,13,107,53.2,219,95,54.7,NA,271
Mouse3570,2007-01-18,2007-03-30,M,9.3,28.2,367,625,271,738,4.553,2.163,3.814,2.618,10.3,182,101,218,345,59.7,NA,271
Mouse3571,2007-01-18,2007-03-30,M,9.3,24.6,361,423,288,522,2.87,1.544,3.284,2.154,9.8,112,82.6,207,104,47.4,NA,272
Mouse3572,2007-01-18,2007-03-30,M,9.8,22.9,386,471,279,508,4.356,2.263,3.6,2.377,8.9,123,91.5,186,176,57.2,NA,272
Mouse3573,2007-01-18,2007-03-30,F,9.4,19.4,365,642,284,534,2.391,1.167,3.185,2.013,8.6,87.6,68.6,194,138,51.5,NA,273
Mouse3574,2007-01-18,2007-03-30,F,9.4,17,358,486,250,651,3.147,1.516,3.512,2.305,8.5,103,94.6,261,222,51.2,NA,273
Mouse3577,2007-01-23,2007-04-02,F,9.6,24.5,400,489,243,551,3.844,2.303,3.371,2.269,7.3,116,114,NA,240,52.6,NA,274
Mouse3578,2007-01-23,2007-04-02,F,10,21.6,397,647,258,714,4.068,1.909,4.033,2.641,8.1,120,106,242,374,63.4,NA,274
Mouse3579,2007-01-23,2007-04-02,F,9.3,26.4,347,539,288,577,3.694,1.82,3.193,1.986,8.6,72,73.1,162,101,52.7,NA,275
Mouse3580,2007-01-23,2007-04-02,F,10.2,20.3,390,650,284,820,4.209,2.02,4.825,3.1,5.7,112,85.2,205,168,62.2,NA,275
Mouse3581,2007-01-23,2007-04-02,M,9.4,21.4,371,498,335,674,3.058,1.536,3.13,1.976,7.7,135,56,178,140,53.7,NA,276
Mouse3582,2007-01-23,2007-04-02,M,9.7,17.4,377,493,403,639,4.153,1.963,4.361,2.958,12,140,60.7,208,130,58,NA,276
Mouse3583,2007-01-23,2007-04-02,M,9.6,26.2,333,523,309,523,2.301,1.212,3.801,2.497,10.5,133,64.4,195,150,44,NA,277
Mouse3584,2007-01-23,2007-04-02,M,9.8,16,363,721,334,725,3.327,1.56,4.233,2.787,6.2,132,132,221,129,53.9,NA,277
Mouse3585,2007-01-25,2007-04-03,F,9.3,28.3,389,400,190,617,2.719,1.445,2.067,1.459,7.7,100,100,188,498,46.2,NA,278
Mouse3586,2007-01-25,2007-04-03,F,9.8,24.1,344,709,273,623,3.943,2.059,3.892,2.67,7.4,85.6,66.6,206,139,54.2,NA,278
Mouse3587,2007-01-25,2007-04-03,F,9.1,26,374,528,291,541,3.533,1.888,2.815,1.978,7.2,81.9,93.2,192,97,50.1,NA,279
Mouse3588,2007-01-25,2007-04-03,F,9.4,19.5,408,502,286,649,4.543,2.356,2.767,1.973,5.3,72,47.3,191,196,57.6,NA,279
Mouse3589,2007-01-25,2007-04-03,M,9.9,19,397,715,325,663,4.276,2.248,4.893,2.999,14,169,86.1,192,170,56.9,NA,280
Mouse3590,2007-01-25,2007-04-03,M,9,19.8,339,458,273,412,1.944,1.024,2.811,2.039,13.2,150,50,175,155,47,NA,280
Mouse3591,2007-01-25,2007-04-03,F,9.2,17.7,349,791,254,690,5.24,2.417,3.761,2.492,10.4,130,79.4,194,135,54.8,NA,281
Mouse3592,2007-01-25,2007-04-03,F,9.1,23.9,358,556,222,599,4.049,1.761,4.117,3.001,9,147,117,222,235,53.5,NA,281
Mouse3593,2007-01-25,2007-04-04,F,9.4,23,346,654,286,548,3.722,2.115,3.044,2.038,9.3,79.8,63.6,164,96,52.3,NA,282
Mouse3594,2007-01-25,2007-04-04,F,9.2,21,340,596,269,725,4.188,2.256,3.136,2.109,4.9,86.7,55.1,175,181,49.2,NA,282
Mouse3595,2007-01-25,2007-04-04,F,9.3,25.6,388,720,206,565,4.388,2.312,3.419,2.257,7,102,88.8,215,324,59.4,NA,283
Mouse3596,2007-01-25,2007-04-04,F,9.3,25,371,841,267,601,4.096,1.992,4.188,2.812,7.4,108,105,165,291,52.8,NA,283
Mouse3597,2007-01-25,2007-04-06,F,9,23.9,336,615,353,884,4.706,2.161,3.182,2.04,4.8,74.2,56.4,188,98,51.4,NA,284
Mouse3598,2007-01-25,2007-04-06,F,9.3,22.3,339,413,213,777,4.293,2.261,2.585,1.85,4.7,64.7,44.6,203,303,51.9,NA,284
Mouse3599,2007-01-25,2007-04-06,F,8.9,18.7,356,555,191,529,2.373,1.055,2.851,1.811,8.7,98.3,73.1,155,229,41.3,NA,285
Mouse3600,2007-01-25,2007-04-06,F,9.1,23.3,338,720,218,868,3.774,1.978,3.169,2.004,4.8,63.2,63.4,200,305,58,NA,285
Mouse3601,2007-01-25,2007-04-06,M,9.3,23,350,463,251,812,3.692,1.848,3.791,2.359,7.9,119,73.8,175,185,57,NA,286
Mouse3602,2007-01-25,2007-04-06,M,8.5,14.1,333,442,229,510,2.693,1.343,1.922,1.33,5.2,81.9,47.6,170,110,38.2,NA,286
Mouse3603,2007-02-11,2007-04-20,M,9.5,22.9,372,427,398,612,2.405,1.299,2.361,1.633,9,100,64.8,293,99,41.8,NA,287
Mouse3604,2007-02-11,2007-04-20,M,9.7,23,362,544,316,586,2.004,1.099,3.607,2.4,9.5,89.1,62.5,220,173,54.3,NA,287
Mouse3605,2007-02-17,2007-04-25,F,9.4,25.5,343,431,309,593,3.352,1.582,2.676,1.707,8.2,111,76,197,285,46.3,NA,288
Mouse3606,2007-02-17,2007-04-25,F,9.2,25.5,320,478,222,705,3.313,1.585,2.611,1.74,8.4,112,65.1,170,300,40,NA,288
Mouse3607,2007-02-17,2007-04-25,F,9.7,17.2,352,507,262,595,3.958,1.934,2.792,1.796,8.2,119,74.5,197,213,49.6,NA,289
Mouse3608,2007-02-17,2007-04-25,F,8.6,18.8,380,468,247,639,4.159,1.891,3.067,1.956,8.3,105,65.8,164,168,48.9,NA,289
Mouse3609,2007-02-17,2007-04-30,M,9.5,20.6,359,575,285,525,1.805,0.881,4.257,2.893,8.2,121,85,187,327,48.2,NA,290
Mouse3610,2007-02-17,2007-04-30,M,10,16.2,383,593,345,514,1.65,0.893,4.134,2.76,8.3,127,81.9,242,171,54.6,NA,290
Mouse3611,2007-02-17,2007-04-30,M,9.5,21.3,350,473,311,755,4.496,2.368,3.885,2.667,5.2,138,89,176,100,56.7,NA,291
Mouse3612,2007-02-17,2007-04-30,M,9.7,19.3,361,397,328,626,4.043,1.974,4.154,2.933,11,140,34.7,187,182,53.6,NA,291
Mouse3613,2007-02-17,2007-04-30,M,9.3,19.2,396,471,302,795,1.646,0.851,3.012,1.957,6.8,122,67.5,184,180,52.8,NA,292
Mouse3614,2007-02-17,2007-04-30,M,9.9,25.8,318,497,329,538,3.244,1.687,3.794,2.564,10.8,157,81.4,189,270,59.8,NA,292
Mouse3615,2007-02-27,2007-05-08,F,9.4,25.4,371,439,292,426,1.601,0.789,3.267,2.265,8.4,93.8,74.1,204,145,47.3,NA,293
Mouse3616,2007-02-27,2007-05-08,F,9.4,23.7,348,454,404,488,1.966,1.109,2.364,1.679,6.2,83.2,133,234,169,41.4,NA,293
Mouse3617,2007-02-27,2007-05-08,F,9.4,23,373,471,235,567,3.757,1.919,2.664,1.768,5,121,100,203,275,53.9,NA,294
Mouse3618,2007-02-27,2007-05-08,F,9.1,18.9,358,443,195,518,2.342,1.321,2.622,1.922,4.8,92.1,83.8,142,235,43.9,NA,294
Mouse3619,2007-02-27,2007-05-10,M,9.8,22.8,320,437,291,581,2.98,1.429,2.858,1.834,8.7,113,66.8,225,112,45.9,NA,295
Mouse3620,2007-02-27,2007-05-10,M,10.1,14.7,396,494,392,442,1.634,0.81,4.236,2.909,11.3,169,84,224,205,53.6,NA,295
Mouse3621,2007-02-27,2007-05-10,M,9.6,43,330,503,296,501,2.743,1.322,3.016,2.151,7.5,133,84.2,164,115,41.1,NA,296
Mouse3622,2007-02-27,2007-05-10,M,9.6,18,386,579,283,450,1.375,0.667,3.037,1.952,10,149,74,198,115,47,NA,296
Mouse3623,2007-02-27,2007-05-10,M,9.8,21,331,532,339,479,3.005,1.498,3.768,2.632,7.3,132,85.1,191,223,51.2,NA,297
Mouse3624,2007-02-27,2007-05-10,M,9.7,27.5,333,539,286,565,2.976,1.439,2.781,1.797,7.4,114,117,233,150,50,NA,297
Mouse3625,2007-03-14,2007-05-21,F,9.4,21.1,356,573,230,527,3.079,1.626,3.612,2.433,7.7,104,99.6,221,508,49.2,NA,298
Mouse3626,2007-03-14,2007-05-21,F,9.2,26.2,367,452,270,481,3.524,1.868,2.69,1.775,8.3,82.1,60.2,211,146,45.9,NA,298
Mouse3627,2007-03-14,2007-05-21,M,10.2,21,380,624,338,497,3.187,1.694,4.416,3.031,8.9,106,92.2,212,80,53.6,NA,299
Mouse3628,2007-03-14,2007-05-21,M,9.8,28.2,333,669,301,887,4.214,2.121,4.333,2.86,11.9,97.1,74.2,260,126,58.8,NA,299
Mouse3629,2007-03-14,2007-05-21,M,9.5,22.1,361,614,386,450,2.577,1.38,3.69,2.191,14.8,130,76,174,100,48.1,NA,300
Mouse3630,2007-03-14,2007-05-21,M,9.4,28.1,376,465,424,544,2.203,1.175,3.37,2.341,10.6,165,100,205,125,50.9,NA,300
Mouse3631,2007-03-15,2007-05-21,F,9.5,17.6,362,493,278,613,4.612,2.306,2.657,1.762,8,130,67.8,163.1,120,51.8,NA,301
Mouse3632,2007-03-15,2007-05-21,F,9.5,19.6,371,475,240,752,3.975,1.738,3.248,2.139,12.2,143,81,183,170,54.4,NA,301
Mouse3633,2007-03-15,2007-05-22,F,8.8,21.1,346,469,229,687,3.79,2.054,2.558,1.695,5.1,82.7,39.1,195,206,50.6,NA,302
Mouse3634,2007-03-15,2007-05-22,F,9.8,19.3,388,485,220,691,5.346,2.821,3.425,2.261,8,95.6,68.4,233,368,60.6,NA,302
Mouse3635,2007-03-15,2007-05-22,M,9.9,18.4,353,542,250,508,2.58,1.274,3.15,2.05,4.3,92,94.2,242,99,51.5,NA,303
Mouse3636,2007-03-15,2007-05-22,M,9.4,21,381,499,270,509,2.837,1.52,2.598,1.699,6.4,103,69,206,120,40.5,NA,303
Mouse3637,2007-03-15,2007-05-22,M,9.4,19.7,379,416,303,652,3.241,1.631,2.751,1.773,15.2,146,77.3,185,99,47.2,NA,304
Mouse3638,2007-03-15,2007-05-22,M,8.3,27.3,335,559,320,530,2.527,1.304,1.907,1.358,7.4,124,42.8,187,95,38.9,NA,304
Mouse3641,2007-03-17,2007-05-22,F,9.1,17,352,400,204,649,3.39,1.66,2.875,1.92,10.8,145,85.7,163,290,45.8,NA,305
Mouse3642,2007-03-17,2007-05-22,F,9.1,23,356,471,223,780,3.653,1.878,2.777,1.707,11.5,120,67.8,159,215,44.1,NA,305
Mouse3643,2007-03-17,2007-05-23,M,9.5,26,364,658,317,600,2.789,1.369,3.954,2.497,11.7,104,75.9,187,187,51.4,NA,306
Mouse3644,2007-03-17,2007-05-23,M,9.8,11,373,461,327,619,2.896,1.344,3.322,2.216,7.3,103,63.9,198,112,48.3,NA,306
Mouse3645,2007-03-17,2007-05-23,M,9.8,21.9,377,645,316,685,3.915,1.994,4.041,2.611,11.2,119,85.2,176,349,55.1,NA,307
Mouse3646,2007-03-17,2007-05-23,M,9.9,25,388,582,269,775,4.218,2.105,4.28,2.809,9.4,105,65.3,202,277,62,NA,307
Mouse3647,2007-03-17,2007-05-25,M,9.7,24.5,325,556,282,578,2.971,1.581,3.565,2.328,9.3,174,74.4,190,220,50.6,NA,308
Mouse3648,2007-03-17,2007-05-24,M,10.2,22.1,354,621,260,750,4.257,2.117,3.075,1.909,9.8,158,66.2,200,185,60.7,NA,308
Mouse3649,2007-03-17,2007-05-24,M,9.7,18.3,368,541,306,545,3.201,1.559,3.59,2.274,8.7,129,69.5,189,165,48.3,NA,309
Mouse3650,2007-03-17,2007-05-24,M,9,26.4,346,468,232,778,3.716,1.812,NA,2.165,9.1,131,79.5,168,285,46.1,NA,309
Mouse3651,2007-03-18,2007-05-24,F,9.1,27,345,542,266,483,2.763,1.537,2.356,1.631,5.9,92.5,68.8,274,293,44.2,NA,310
Mouse3652,2007-03-18,2007-05-24,F,9.1,21.8,376,417,240,601,3.71,1.982,2.703,1.828,7,94.5,65,172,155,51.1,NA,310
Mouse3653,2007-03-18,2007-05-24,F,9.2,27.9,374,550,263,583,2.368,1.235,3.555,2.237,7.8,100,105,200,142,47.2,NA,311
Mouse3654,2007-03-18,2007-05-24,F,9.5,19.5,372,551,218,640,3.688,2.123,2.912,1.985,6.6,106,72,208,328,53.3,NA,311
Mouse3655,2007-03-18,2007-05-29,F,9.8,18.3,338,525,199,667,3.516,1.677,2.801,1.879,10.1,112,107,212,270,51.3,NA,312
Mouse3656,2007-03-18,2007-05-29,F,9.6,25.7,372,558,245,751,6.035,2.826,3.37,2.177,10,161,88.5,170,275,58.4,NA,312
Mouse3658,2007-03-18,2007-05-29,M,9.2,19.8,349,499,305,636,2.875,1.477,3.331,2.238,10.1,141,60.7,222,290,50.1,NA,313
Mouse3659,2007-03-18,2007-05-29,M,9.7,23.2,351,606,239,789,4.564,2.425,3.257,2.087,6.8,69.6,60.1,191,182,59.6,NA,314
Mouse3660,2007-03-18,2007-05-29,M,9.7,24.3,379,507,274,424,2.239,1.165,3.749,2.407,8.7,121,67.6,204,200,47.6,NA,314
Mouse3661,2007-03-18,2007-05-29,M,9.8,20.2,373,539,418,612,3.136,1.658,3.732,2.357,6,91,80.3,221,135,59,NA,315
Mouse3662,2007-03-18,2007-05-29,M,9.2,18.1,328,456,228,641,4.242,2.458,3.792,2.576,7.2,78.3,57.8,221,116,55.2,NA,315
Mouse3663,2007-03-23,2007-05-31,F,9.5,26,366,509,359,715,3.69,1.868,3.355,2.323,10,129,67.4,212,110,50.3,NA,316
Mouse3664,2007-03-23,2007-05-31,F,8.9,29.7,357,466,265,634,3.565,1.678,2.042,1.426,11.7,93.8,48,136,101,43.5,NA,316
Mouse3665,2007-03-23,2007-05-31,F,9.2,22.8,311,419,222,700,3.059,1.452,2.366,1.539,5.3,92.2,53.6,173,125,45.6,NA,317
Mouse3666,2007-03-23,2007-05-31,F,8,25.8,282,418,306,436,1.728,0.985,1.928,1.51,6.7,73.4,50.7,173,75,30,NA,317
Mouse3667,2007-03-23,2007-05-31,M,9.9,18.7,370,576,354,520,2.47,1.433,3.999,2.535,10,97.2,63.4,238,115,47.3,NA,318
Mouse3668,2007-03-23,2007-05-31,M,10,24.1,368,446,303,539,2.938,1.376,2.923,1.948,8.4,93.2,57.3,232,276,51.8,NA,318
Mouse3669,2007-03-23,2007-05-31,M,9.4,20.1,377,467,355,402,2.426,1.271,3.249,2.016,4.6,95.3,81.4,227,166,47.3,NA,319
Mouse3670,2007-03-23,2007-05-31,M,9.5,21.1,372,528,328,570,2.731,1.255,3.794,2.846,7.4,90,41,203,81,51.2,NA,319
